Title,Content,Published At,Source,URL,Category,clean_text,message_channel
‚òÑÔ∏è–¢–∞–ª–∞–ª–∞–µ–≤ –Ω–∞–∑–≤–∞–ª –≥–ª–∞–≤–Ω—ã–π –Ω–µ–¥–æ—Å—Ç–∞—Ç–æ–∫ —Å–±–æ—Ä–Ω–æ–π –ì–µ—Ä–º–∞–Ω–∏–∏ –Ω–∞ –ï–≤—Ä–æ-2024,"‚òÑÔ∏è–¢–∞–ª–∞–ª–∞–µ–≤ –Ω–∞–∑–≤–∞–ª –≥–ª–∞–≤–Ω—ã–π –Ω–µ–¥–æ—Å—Ç–∞—Ç–æ–∫ —Å–±–æ—Ä–Ω–æ–π –ì–µ—Ä–º–∞–Ω–∏–∏ –Ω–∞ –ï–≤—Ä–æ-2024

–ë—ã–≤—à–∏–π –≥–ª–∞–≤–Ω—ã–π —Ç—Ä–µ–Ω–µ—Ä ¬´–ê—Ö–º–∞—Ç–∞¬ª –∏ ¬´–•–∏–º–æ–∫¬ª –ê–Ω–¥—Ä–µ–π –¢–∞–ª–∞–ª–∞–µ–≤ –≤—ã—Å–∫–∞–∑–∞–ª—Å—è –æ–± –∏–≥—Ä–µ —Å–±–æ—Ä–Ω–æ–π –ì–µ—Ä–º–∞–Ω–∏–∏ –Ω–∞ –¥–æ–º–∞—à–Ω–µ–º –ï–≤—Ä–æ, —Å—Ä–∞–≤–Ω–∏–≤ –µ—ë —Å –Ω–∞—Ü–∏–æ–Ω–∞–ª—å–Ω–æ–π –∫–æ–º–∞–Ω–¥–æ–π –ë–µ–ª—å–≥–∏–∏.

¬´–ù—É, –≤ –ø–æ—Å–ª–µ–¥–Ω–µ–π –∏–≥—Ä–µ –æ–Ω–∏ –≤–æ–æ–±—â–µ –≤—ã—à–ª–∏ —Ç–∞–∫–∏–º —Å–æ—Å—Ç–∞–≤–æ–º, –ø—Ä–∏–±–ª–∏–∂—ë–Ω–Ω—ã–º –∫ –æ—Å–Ω–æ–≤–Ω–æ–º—É, –Ω–æ –±–µ–∑ –∑–∞–¥–∞—á, –∏ –ø–æ—ç—Ç–æ–º—É –∞–Ω–∞–ª–∏–∑–∏—Ä–æ–≤–∞—Ç—å –≤–æ—Ç —ç—Ç—É —Ç—Ä–µ—Ç—å—é –∏–≥—Ä—É –æ–Ω –æ—á–µ–Ω—å —Å–ª–æ–∂–Ω–æ. –í—Å—ë —Ä–∞–≤–Ω–æ –æ–Ω–∏ –¥–æ–≤–µ–ª–∏ –¥–µ–ª–æ –¥–æ —Ç–æ–≥–æ —Ä–µ–∑—É–ª—å—Ç–∞—Ç–∞, –∫–æ—Ç–æ—Ä—ã–π –∏—Ö —É—Å—Ç—Ä–∞–∏–≤–∞–µ—Ç‚Ä¶ –Ø –¥—É–º–∞—é, —á—Ç–æ –∫–æ–º–∞–Ω–¥—ã, –∫–æ—Ç–æ—Ä—ã–µ –±–æ–ª–µ–µ –æ—Ä–≥–∞–Ω–∏–∑–æ–≤–∞–Ω–Ω—ã–µ –∏ –±–æ–ª–µ–µ –±—ã—Å—Ç—Ä—ã–µ –≤ –∞—Ç–∞–∫–µ —Å–º–æ–≥—É—Ç –ø—Ä–µ–ø–æ–¥–Ω–µ—Å—Ç–∏ –Ω–µ–º—Ü–∞–º –±–æ–ª—å—à–∏–µ —Å–ª–æ–∂–Ω–æ—Å—Ç–∏, —á–µ–º –Ω–µ–ø–ª–æ—Ö–∏–µ —à–≤–µ–π—Ü–∞—Ä—Ü—ã.

–ë–µ–ª—å–≥–∏—è –º—É—á–∏—Ç—Å—è, –º—É—á–∏—Ç—Å—è, –Ω–æ –∑–∞–±–∏—Ç—å –Ω–µ –º–æ–∂–µ—Ç. –ê –Ω–µ–º—Ü—ã, –ø—Ä–æ–∏–≥—Ä—ã–≤–∞—è 0:1, –≤–∫–ª—é—á–∏–ª–∏—Å—å –∏ –∑–∞–±–∏–ª–∏. –í–æ—Ç —Ä–∞–∑–Ω–∏—Ü–∞ –Ω–∞ —Å–µ–≥–æ–¥–Ω—è—à–Ω–∏–π –¥–µ–Ω—å –º–µ–∂–¥—É –ë–µ–ª—å–≥–∏–µ–π –∏ –ì–µ—Ä–º–∞–Ω–∏–µ–π¬ª, ‚Äî —Å–∫–∞–∑–∞–ª –¢–∞–ª–∞–ª–∞–µ–≤.

–ß–µ–º–ø–∏–æ–Ω–∞—Ç –ï–≤—Ä–æ–ø—ã –≤ –ì–µ—Ä–º–∞–Ω–∏–∏ –ø—Ä–æ—Ö–æ–¥–∏—Ç —Å 14 –∏—é–Ω—è –ø–æ 14 –∏—é–ª—è. –î–µ–π—Å—Ç–≤—É—é—â–∏–º —á–µ–º–ø–∏–æ–Ω–æ–º —è–≤–ª—è–µ—Ç—Å—è —Å–±–æ—Ä–Ω–∞—è –ò—Ç–∞–ª–∏–∏, –∫–æ—Ç–æ—Ä–∞—è –≤ —Ñ–∏–Ω–∞–ª–µ –ï–≤—Ä–æ-2020 –æ–±—ã–≥—Ä–∞–ª–∞ —Å–±–æ—Ä–Ω—É—é –ê–Ω–≥–ª–∏–∏ (1:1, 3:2 –ø–µ–Ω.). –°–∞–º—ã–º–∏ —Ç–∏—Ç—É–ª–æ–≤–∞–Ω–Ω—ã–º–∏ —Å–±–æ—Ä–Ω—ã–º–∏ –ï–≤—Ä–æ —è–≤–ª—è—é—Ç—Å—è –ì–µ—Ä–º–∞–Ω–∏—è –∏ –ò—Å–ø–∞–Ω–∏—è, –∫–æ—Ç–æ—Ä—ã–µ –≤—ã–∏–≥—Ä—ã–≤–∞–ª–∏ —Ç—É—Ä–Ω–∏—Ä –ø–æ —Ç—Ä–∏ —Ä–∞–∑–∞.",2024-06-27T13:01:00+00:00,–°–ø–æ—Ä—Ç –¢–∞–π–º | –ù–æ–≤–æ—Å—Ç–∏ –õ–∏—Ü–∞,https://t.me/sportazarto/66425,—Å–ø–æ—Ä—Ç,—Ç–∞–ª–∞–ª–∞–µ–≤ –Ω–∞–∑–≤–∞–ª –≥–ª–∞–≤–Ω—ã–π –Ω–µ–¥–æ—Å—Ç–∞—Ç–æ–∫ —Å–±–æ—Ä–Ω–æ–π –≥–µ—Ä–º–∞–Ω–∏–∏ –µ–≤—Ä–æ<NUM> –±—ã–≤—à–∏–π –≥–ª–∞–≤–Ω—ã–π —Ç—Ä–µ–Ω–µ—Ä –∞—Ö–º–∞—Ç–∞ —Ö–∏–º–æ–∫ –∞–Ω–¥—Ä–µ–π —Ç–∞–ª–∞–ª–∞–µ–≤ –≤—ã—Å–∫–∞–∑–∞–ª—Å—è –∏–≥—Ä–µ —Å–±–æ—Ä–Ω–æ–π –≥–µ—Ä–º–∞–Ω–∏–∏ –¥–æ–º–∞—à–Ω–µ–º –µ–≤—Ä–æ —Å—Ä–∞–≤–Ω–∏–≤ –µ—ë –Ω–∞—Ü–∏–æ–Ω–∞–ª—å–Ω–æ–π –∫–æ–º–∞–Ω–¥–æ–π –±–µ–ª—å–≥–∏–∏ –ø–æ—Å–ª–µ–¥–Ω–µ–π –∏–≥—Ä–µ –≤–æ–æ–±—â–µ –≤—ã—à–ª–∏ —Ç–∞–∫–∏–º —Å–æ—Å—Ç–∞–≤–æ–º –ø—Ä–∏–±–ª–∏–∂—ë–Ω–Ω—ã–º –æ—Å–Ω–æ–≤–Ω–æ–º—É –∑–∞–¥–∞—á –ø–æ—ç—Ç–æ–º—É –∞–Ω–∞–ª–∏–∑–∏—Ä–æ–≤–∞—Ç—å —Ç—Ä–µ—Ç—å—é –∏–≥—Ä—É –æ—á–µ–Ω—å —Å–ª–æ–∂–Ω–æ –≤—Å—ë —Ä–∞–≤–Ω–æ –¥–æ–≤–µ–ª–∏ –¥–µ–ª–æ —Ä–µ–∑—É–ª—å—Ç–∞—Ç–∞ –∫–æ—Ç–æ—Ä—ã–π —É—Å—Ç—Ä–∞–∏–≤–∞–µ—Ç –¥—É–º–∞—é –∫–æ–º–∞–Ω–¥—ã –∫–æ—Ç–æ—Ä—ã–µ –æ—Ä–≥–∞–Ω–∏–∑–æ–≤–∞–Ω–Ω—ã–µ –±—ã—Å—Ç—Ä—ã–µ –∞—Ç–∞–∫–µ —Å–º–æ–≥—É—Ç –ø—Ä–µ–ø–æ–¥–Ω–µ—Å—Ç–∏ –Ω–µ–º—Ü–∞–º –±–æ–ª—å—à–∏–µ —Å–ª–æ–∂–Ω–æ—Å—Ç–∏ –Ω–µ–ø–ª–æ—Ö–∏–µ —à–≤–µ–π—Ü–∞—Ä—Ü—ã –±–µ–ª—å–≥–∏—è –º—É—á–∏—Ç—Å—è –º—É—á–∏—Ç—Å—è –∑–∞–±–∏—Ç—å –Ω–µ–º—Ü—ã –ø—Ä–æ–∏–≥—Ä—ã–≤–∞—è <NUM> –≤–∫–ª—é—á–∏–ª–∏—Å—å –∑–∞–±–∏–ª–∏ —Ä–∞–∑–Ω–∏—Ü–∞ —Å–µ–≥–æ–¥–Ω—è—à–Ω–∏–π –¥–µ–Ω—å –±–µ–ª—å–≥–∏–µ–π –≥–µ—Ä–º–∞–Ω–∏–µ–π —Å–∫–∞–∑–∞–ª —Ç–∞–ª–∞–ª–∞–µ–≤ —á–µ–º–ø–∏–æ–Ω–∞—Ç –µ–≤—Ä–æ–ø—ã –≥–µ—Ä–º–∞–Ω–∏–∏ –ø—Ä–æ—Ö–æ–¥–∏—Ç <NUM> –∏—é–Ω—è <NUM> –∏—é–ª—è –¥–µ–π—Å—Ç–≤—É—é—â–∏–º —á–µ–º–ø–∏–æ–Ω–æ–º —è–≤–ª—è–µ—Ç—Å—è —Å–±–æ—Ä–Ω–∞—è –∏—Ç–∞–ª–∏–∏ –∫–æ—Ç–æ—Ä–∞—è —Ñ–∏–Ω–∞–ª–µ –µ–≤—Ä–æ<NUM> –æ–±—ã–≥—Ä–∞–ª–∞ —Å–±–æ—Ä–Ω—É—é –∞–Ω–≥–ª–∏–∏ <NUM> <NUM> –ø–µ–Ω —Å–∞–º—ã–º–∏ —Ç–∏—Ç—É–ª–æ–≤–∞–Ω–Ω—ã–º–∏ —Å–±–æ—Ä–Ω—ã–º–∏ –µ–≤—Ä–æ —è–≤–ª—è—é—Ç—Å—è –≥–µ—Ä–º–∞–Ω–∏—è –∏—Å–ø–∞–Ω–∏—è –∫–æ—Ç–æ—Ä—ã–µ –≤—ã–∏–≥—Ä—ã–≤–∞–ª–∏ —Ç—É—Ä–Ω–∏—Ä —Ä–∞–∑–∞,—Ç–∞–ª–∞–ª–∞–µ–≤ –Ω–∞–∑–≤–∞–ª –≥–ª–∞–≤–Ω—ã–π –Ω–µ–¥–æ—Å—Ç–∞—Ç–æ–∫ —Å–±–æ—Ä–Ω–æ–π –≥–µ—Ä–º–∞–Ω–∏–∏ –µ–≤—Ä–æ<NUM> –±—ã–≤—à–∏–π –≥–ª–∞–≤–Ω—ã–π —Ç—Ä–µ–Ω–µ—Ä –∞—Ö–º–∞—Ç–∞ —Ö–∏–º–æ–∫ –∞–Ω–¥—Ä–µ–π —Ç–∞–ª–∞–ª–∞–µ–≤ –≤—ã—Å–∫–∞–∑–∞–ª—Å—è –∏–≥—Ä–µ —Å–±–æ—Ä–Ω–æ–π –≥–µ—Ä–º–∞–Ω–∏–∏ –¥–æ–º–∞—à–Ω–µ–º –µ–≤—Ä–æ —Å—Ä–∞–≤–Ω–∏–≤ –µ—ë –Ω–∞—Ü–∏–æ–Ω–∞–ª—å–Ω–æ–π –∫–æ–º–∞–Ω–¥–æ–π –±–µ–ª—å–≥–∏–∏ –ø–æ—Å–ª–µ–¥–Ω–µ–π –∏–≥—Ä–µ –≤–æ–æ–±—â–µ –≤—ã—à–ª–∏ —Ç–∞–∫–∏–º —Å–æ—Å—Ç–∞–≤–æ–º –ø—Ä–∏–±–ª–∏–∂—ë–Ω–Ω—ã–º –æ—Å–Ω–æ–≤–Ω–æ–º—É –∑–∞–¥–∞—á –ø–æ—ç—Ç–æ–º—É –∞–Ω–∞–ª–∏–∑–∏—Ä–æ–≤–∞—Ç—å —Ç—Ä–µ—Ç—å—é –∏–≥—Ä—É –æ—á–µ–Ω—å —Å–ª–æ–∂–Ω–æ –≤—Å—ë —Ä–∞–≤–Ω–æ –¥–æ–≤–µ–ª–∏ –¥–µ–ª–æ —Ä–µ–∑—É–ª—å—Ç–∞—Ç–∞ –∫–æ—Ç–æ—Ä—ã–π —É—Å—Ç—Ä–∞–∏–≤–∞–µ—Ç –¥—É–º–∞—é –∫–æ–º–∞–Ω–¥—ã –∫–æ—Ç–æ—Ä—ã–µ –æ—Ä–≥–∞–Ω–∏–∑–æ–≤–∞–Ω–Ω—ã–µ –±—ã—Å—Ç—Ä—ã–µ –∞—Ç–∞–∫–µ —Å–º–æ–≥—É—Ç –ø—Ä–µ–ø–æ–¥–Ω–µ—Å—Ç–∏ –Ω–µ–º—Ü–∞–º –±–æ–ª—å—à–∏–µ —Å–ª–æ–∂–Ω–æ—Å—Ç–∏ –Ω–µ–ø–ª–æ—Ö–∏–µ —à–≤–µ–π—Ü–∞—Ä—Ü—ã –±–µ–ª—å–≥–∏—è –º—É—á–∏—Ç—Å—è –º—É—á–∏—Ç—Å—è –∑–∞–±–∏—Ç—å –Ω–µ–º—Ü—ã –ø—Ä–æ–∏–≥—Ä—ã–≤–∞—è <NUM> –≤–∫–ª—é—á–∏–ª–∏—Å—å –∑–∞–±–∏–ª–∏ —Ä–∞–∑–Ω–∏—Ü–∞ —Å–µ–≥–æ–¥–Ω—è—à–Ω–∏–π –¥–µ–Ω—å –±–µ–ª—å–≥–∏–µ–π –≥–µ—Ä–º–∞–Ω–∏–µ–π —Å–∫–∞–∑–∞–ª —Ç–∞–ª–∞–ª–∞–µ–≤ —á–µ–º–ø–∏–æ–Ω–∞—Ç –µ–≤—Ä–æ–ø—ã –≥–µ—Ä–º–∞–Ω–∏–∏ –ø—Ä–æ—Ö–æ–¥–∏—Ç <NUM> –∏—é–Ω—è <NUM> –∏—é–ª—è –¥–µ–π—Å—Ç–≤—É—é—â–∏–º —á–µ–º–ø–∏–æ–Ω–æ–º —è–≤–ª—è–µ—Ç—Å—è —Å–±–æ—Ä–Ω–∞—è –∏—Ç–∞–ª–∏–∏ –∫–æ—Ç–æ—Ä–∞—è —Ñ–∏–Ω–∞–ª–µ –µ–≤—Ä–æ<NUM> –æ–±—ã–≥—Ä–∞–ª–∞ —Å–±–æ—Ä–Ω—É—é –∞–Ω–≥–ª–∏–∏ <NUM> <NUM> –ø–µ–Ω —Å–∞–º—ã–º–∏ —Ç–∏—Ç—É–ª–æ–≤–∞–Ω–Ω—ã–º–∏ —Å–±–æ—Ä–Ω—ã–º–∏ –µ–≤—Ä–æ —è–≤–ª—è—é—Ç—Å—è –≥–µ—Ä–º–∞–Ω–∏—è –∏—Å–ø–∞–Ω–∏—è –∫–æ—Ç–æ—Ä—ã–µ –≤—ã–∏–≥—Ä—ã–≤–∞–ª–∏ —Ç—É—Ä–Ω–∏—Ä —Ä–∞–∑–∞ –°–ø–æ—Ä—Ç –¢–∞–π–º | –ù–æ–≤–æ—Å—Ç–∏ –õ–∏—Ü–∞
üü© PARI –ø—Ä–∏–≥–ª–∞—à–∞–µ—Ç –≤—Å–µ—Ö VIP-–∏–≥—Ä–æ–∫–æ–≤ –≤–æ—Å–ø–æ–ª—å–∑–æ–≤–∞—Ç—å—Å—è —É–Ω–∏–∫–∞–ª—å–Ω–æ–π –∞–∫—Ü–∏–µ–π –≤ –ø—Ä–µ–¥–≤–µ—Ä–∏–∏ –ï–≤—Ä–æ-2024!,"üü© PARI –ø—Ä–∏–≥–ª–∞—à–∞–µ—Ç –≤—Å–µ—Ö VIP-–∏–≥—Ä–æ–∫–æ–≤ –≤–æ—Å–ø–æ–ª—å–∑–æ–≤–∞—Ç—å—Å—è —É–Ω–∏–∫–∞–ª—å–Ω–æ–π –∞–∫—Ü–∏–µ–π –≤ –ø—Ä–µ–¥–≤–µ—Ä–∏–∏ –ï–≤—Ä–æ-2024!

–£ –≤–∞—Å –µ—Å—Ç—å —à–∞–Ω—Å –ø–æ–ª—É—á–∏—Ç—å —Ñ—Ä–∏–±–µ—Ç—ã –¥–æ 500 000 —Ä—É–±–ª–µ–π, –¥–æ—Å—Ç—É–ø –≤ VIP-–∫–ª—É–± –∏ –∫—ç—à–±–µ–∫ –¥–æ 12%. –ü—Ä–æ—Å—Ç–æ –Ω–∞–∂–º–∏—Ç–µ –∫–Ω–æ–ø–∫—É –Ω–∞ —Å—Ç—Ä–∞–Ω–∏—Ü–µ –¥–ª—è VIP-–∫–ª–∏–µ–Ω—Ç–æ–≤, –≤–Ω–µ—Å–∏—Ç–µ –¥–µ–ø–æ–∑–∏—Ç –Ω–∞ —Å—É–º–º—É –æ—Ç 2 000 000 —Ä—É–±–ª–µ–π –∏ –¥–µ–ª–∞–π—Ç–µ —Å—Ç–∞–≤–∫–∏ –Ω–∞ 5 000 000 —Ä—É–±–ª–µ–π –≤ —Ç–µ—á–µ–Ω–∏–µ 14 –¥–Ω–µ–π!

–ù–µ —É–ø—É—Å—Ç–∏—Ç–µ —ç—Ç–æ—Ç —à–∞–Ω—Å! –£–∑–Ω–∞–π—Ç–µ –±–æ–ª—å—à–µ —Ç—É—Ç - pari.ru/vip_freebet

PARI –∂–¥–µ—Ç –≤–∞—Å –Ω–∞ –≥–ª–∞–≤–Ω–æ–º —Å–æ–±—ã—Ç–∏–∏ –ª–µ—Ç–∞ - –ï–≤—Ä–æ-2024!",2024-06-27T08:00:27+00:00,–°–ø–æ—Ä—Ç –¢–∞–π–º | –ù–æ–≤–æ—Å—Ç–∏ –õ–∏—Ü–∞,https://t.me/sportazarto/66424,—Å–ø–æ—Ä—Ç,pari –ø—Ä–∏–≥–ª–∞—à–∞–µ—Ç vip–∏–≥—Ä–æ–∫–æ–≤ –≤–æ—Å–ø–æ–ª—å–∑–æ–≤–∞—Ç—å—Å—è —É–Ω–∏–∫–∞–ª—å–Ω–æ–π –∞–∫—Ü–∏–µ–π –ø—Ä–µ–¥–≤–µ—Ä–∏–∏ –µ–≤—Ä–æ<NUM> —à–∞–Ω—Å –ø–æ–ª—É—á–∏—Ç—å —Ñ—Ä–∏–±–µ—Ç—ã <NUM> <NUM> —Ä—É–±–ª–µ–π –¥–æ—Å—Ç—É–ø vip–∫–ª—É–± –∫—ç—à–±–µ–∫ <NUM> –ø—Ä–æ—Å—Ç–æ –Ω–∞–∂–º–∏—Ç–µ –∫–Ω–æ–ø–∫—É —Å—Ç—Ä–∞–Ω–∏—Ü–µ vip–∫–ª–∏–µ–Ω—Ç–æ–≤ –≤–Ω–µ—Å–∏—Ç–µ –¥–µ–ø–æ–∑–∏—Ç —Å—É–º–º—É <NUM> <NUM> <NUM> —Ä—É–±–ª–µ–π –¥–µ–ª–∞–π—Ç–µ —Å—Ç–∞–≤–∫–∏ <NUM> <NUM> <NUM> —Ä—É–±–ª–µ–π —Ç–µ—á–µ–Ω–∏–µ <NUM> –¥–Ω–µ–π —É–ø—É—Å—Ç–∏—Ç–µ —à–∞–Ω—Å —É–∑–Ω–∞–π—Ç–µ pariruvipfreebet pari –∂–¥–µ—Ç –≥–ª–∞–≤–Ω–æ–º —Å–æ–±—ã—Ç–∏–∏ –ª–µ—Ç–∞ –µ–≤—Ä–æ<NUM>,pari –ø—Ä–∏–≥–ª–∞—à–∞–µ—Ç vip–∏–≥—Ä–æ–∫–æ–≤ –≤–æ—Å–ø–æ–ª—å–∑–æ–≤–∞—Ç—å—Å—è —É–Ω–∏–∫–∞–ª—å–Ω–æ–π –∞–∫—Ü–∏–µ–π –ø—Ä–µ–¥–≤–µ—Ä–∏–∏ –µ–≤—Ä–æ<NUM> —à–∞–Ω—Å –ø–æ–ª—É—á–∏—Ç—å —Ñ—Ä–∏–±–µ—Ç—ã <NUM> <NUM> —Ä—É–±–ª–µ–π –¥–æ—Å—Ç—É–ø vip–∫–ª—É–± –∫—ç—à–±–µ–∫ <NUM> –ø—Ä–æ—Å—Ç–æ –Ω–∞–∂–º–∏—Ç–µ –∫–Ω–æ–ø–∫—É —Å—Ç—Ä–∞–Ω–∏—Ü–µ vip–∫–ª–∏–µ–Ω—Ç–æ–≤ –≤–Ω–µ—Å–∏—Ç–µ –¥–µ–ø–æ–∑–∏—Ç —Å—É–º–º—É <NUM> <NUM> <NUM> —Ä—É–±–ª–µ–π –¥–µ–ª–∞–π—Ç–µ —Å—Ç–∞–≤–∫–∏ <NUM> <NUM> <NUM> —Ä—É–±–ª–µ–π —Ç–µ—á–µ–Ω–∏–µ <NUM> –¥–Ω–µ–π —É–ø—É—Å—Ç–∏—Ç–µ —à–∞–Ω—Å —É–∑–Ω–∞–π—Ç–µ pariruvipfreebet pari –∂–¥–µ—Ç –≥–ª–∞–≤–Ω–æ–º —Å–æ–±—ã—Ç–∏–∏ –ª–µ—Ç–∞ –µ–≤—Ä–æ<NUM> –°–ø–æ—Ä—Ç –¢–∞–π–º | –ù–æ–≤–æ—Å—Ç–∏ –õ–∏—Ü–∞
üá™üá∏üî• 39-–ª–µ—Ç–Ω–∏–π –°–∞–Ω—Ç–∏ –ö–∞—Å–æ—Ä–ª–∞ –ø—Ä–æ–¥–ª–∏–ª –∫–æ–Ω—Ç—Ä–∞–∫—Ç —Å ¬´–û–≤—å–µ–¥–æ¬ª –µ—â–µ –Ω–∞ —Å–µ–∑–æ–Ω. –û–Ω –∏–≥—Ä–∞–µ—Ç –∑–∞ –º–∏–Ω–∏–º–∞–ª—å–Ω—É—é –∑–∞—Ä–ø–ª–∞—Ç—É –∏ –æ—Ç–¥–∞–µ—Ç –∫–ª—É–±–Ω–æ–π –∞–∫–∞–¥–µ–º–∏–∏ 10% –æ—Ç –ø—Ä–æ–¥–∞–∂ —Å–≤–æ–∏—Ö —Ñ—É—Ç–±–æ–ª–æ–∫,"üá™üá∏üî• 39-–ª–µ—Ç–Ω–∏–π –°–∞–Ω—Ç–∏ –ö–∞—Å–æ—Ä–ª–∞ –ø—Ä–æ–¥–ª–∏–ª –∫–æ–Ω—Ç—Ä–∞–∫—Ç —Å ¬´–û–≤—å–µ–¥–æ¬ª –µ—â–µ –Ω–∞ —Å–µ–∑–æ–Ω. –û–Ω –∏–≥—Ä–∞–µ—Ç –∑–∞ –º–∏–Ω–∏–º–∞–ª—å–Ω—É—é –∑–∞—Ä–ø–ª–∞—Ç—É –∏ –æ—Ç–¥–∞–µ—Ç –∫–ª—É–±–Ω–æ–π –∞–∫–∞–¥–µ–º–∏–∏ 10% –æ—Ç –ø—Ä–æ–¥–∞–∂ —Å–≤–æ–∏—Ö —Ñ—É—Ç–±–æ–ª–æ–∫

‚ù§Ô∏è ‚Äì –±—Ä–∞–≤–æ!

‚ù§Ô∏è –ü–æ–¥–ø–∏—Å—ã–≤–∞–π—Ç–µ—Å—å –Ω–∞ Sports",2024-06-28T07:15:27+00:00,–°–ø–æ—Ä—Ç—Å –Ω–∞ –ï–≤—Ä–æ-2024,https://t.me/sportsru/102152,—Å–ø–æ—Ä—Ç,<NUM>–ª–µ—Ç–Ω–∏–π —Å–∞–Ω—Ç–∏ –∫–∞—Å–æ—Ä–ª–∞ –ø—Ä–æ–¥–ª–∏–ª –∫–æ–Ω—Ç—Ä–∞–∫—Ç –æ–≤—å–µ–¥–æ —Å–µ–∑–æ–Ω –∏–≥—Ä–∞–µ—Ç –º–∏–Ω–∏–º–∞–ª—å–Ω—É—é –∑–∞—Ä–ø–ª–∞—Ç—É –æ—Ç–¥–∞–µ—Ç –∫–ª—É–±–Ω–æ–π –∞–∫–∞–¥–µ–º–∏–∏ <NUM> –ø—Ä–æ–¥–∞–∂ —Å–≤–æ–∏—Ö —Ñ—É—Ç–±–æ–ª–æ–∫ –±—Ä–∞–≤–æ –ø–æ–¥–ø–∏—Å—ã–≤–∞–π—Ç–µ—Å—å sport,<NUM>–ª–µ—Ç–Ω–∏–π —Å–∞–Ω—Ç–∏ –∫–∞—Å–æ—Ä–ª–∞ –ø—Ä–æ–¥–ª–∏–ª –∫–æ–Ω—Ç—Ä–∞–∫—Ç –æ–≤—å–µ–¥–æ —Å–µ–∑–æ–Ω –∏–≥—Ä–∞–µ—Ç –º–∏–Ω–∏–º–∞–ª—å–Ω—É—é –∑–∞—Ä–ø–ª–∞—Ç—É –æ—Ç–¥–∞–µ—Ç –∫–ª—É–±–Ω–æ–π –∞–∫–∞–¥–µ–º–∏–∏ <NUM> –ø—Ä–æ–¥–∞–∂ —Å–≤–æ–∏—Ö —Ñ—É—Ç–±–æ–ª–æ–∫ –±—Ä–∞–≤–æ –ø–æ–¥–ø–∏—Å—ã–≤–∞–π—Ç–µ—Å—å sport –°–ø–æ—Ä—Ç—Å –Ω–∞ –ï–≤—Ä–æ-2024
–ö–∞–∫ –ø—Ä–æ–π–¥–µ—Ç 1/8 –ï–≤—Ä–æ? üî•,"–ö–∞–∫ –ø—Ä–æ–π–¥–µ—Ç 1/8 –ï–≤—Ä–æ? üî•

–£–≥–∞–¥—ã–≤–∞–π—Ç–µ —Å—á–µ—Ç –º–∞—Ç—á–µ–π –≤ –±–æ—Ç–µ –∏ –≤—ã–∏–≥—Ä—ã–≤–∞–π—Ç–µ PlayStation 5 üéÅüëâ https://t.me/sirena_predictor_bot?start=telegram",2024-06-28T07:02:42+00:00,–°–ø–æ—Ä—Ç—Å –Ω–∞ –ï–≤—Ä–æ-2024,https://t.me/sportsru/102151,—Å–ø–æ—Ä—Ç,–ø—Ä–æ–π–¥–µ—Ç <NUM> –µ–≤—Ä–æ —É–≥–∞–¥—ã–≤–∞–π—Ç–µ —Å—á–µ—Ç –º–∞—Ç—á–µ–π –±–æ—Ç–µ –≤—ã–∏–≥—Ä—ã–≤–∞–π—Ç–µ playstation <NUM> <URL>,–ø—Ä–æ–π–¥–µ—Ç <NUM> –µ–≤—Ä–æ —É–≥–∞–¥—ã–≤–∞–π—Ç–µ —Å—á–µ—Ç –º–∞—Ç—á–µ–π –±–æ—Ç–µ –≤—ã–∏–≥—Ä—ã–≤–∞–π—Ç–µ playstation <NUM> <URL> –°–ø–æ—Ä—Ç—Å –Ω–∞ –ï–≤—Ä–æ-2024
"üö¥‚Äç‚ôÇÔ∏èüè¥Û†ÅßÛ†Å¢Û†Å•Û†ÅÆÛ†ÅßÛ†Åø –≠–Ω—Ç–æ–Ω–∏ –ì–æ—Ä–¥–æ–Ω —É–ø–∞–ª —Å –≤–µ–ª–æ—Å–∏–ø–µ–¥–∞ –Ω–∞ –±–∞–∑–µ —Å–±–æ—Ä–Ω–æ–π –ê–Ω–≥–ª–∏–∏ ‚Äì –æ–Ω —Ä–∞–∑–±–∏–ª –Ω–æ—Å –∏ –ø–æ–¥–±–æ—Ä–æ–¥–æ–∫, –∞ —Ç–∞–∫–∂–µ –ø–æ–ª—É—á–∏–ª —Å—Å–∞–¥–∏–Ω—ã –Ω–∞ –∫–æ–ª–µ–Ω–µ –∏ –∫–æ—Å—Ç—è—à–∫–∞—Ö –ø–∞–ª—å—Ü–µ–≤","üö¥‚Äç‚ôÇÔ∏èüè¥Û†ÅßÛ†Å¢Û†Å•Û†ÅÆÛ†ÅßÛ†Åø –≠–Ω—Ç–æ–Ω–∏ –ì–æ—Ä–¥–æ–Ω —É–ø–∞–ª —Å –≤–µ–ª–æ—Å–∏–ø–µ–¥–∞ –Ω–∞ –±–∞–∑–µ —Å–±–æ—Ä–Ω–æ–π –ê–Ω–≥–ª–∏–∏ ‚Äì –æ–Ω —Ä–∞–∑–±–∏–ª –Ω–æ—Å –∏ –ø–æ–¥–±–æ—Ä–æ–¥–æ–∫, –∞ —Ç–∞–∫–∂–µ –ø–æ–ª—É—á–∏–ª —Å—Å–∞–¥–∏–Ω—ã –Ω–∞ –∫–æ–ª–µ–Ω–µ –∏ –∫–æ—Å—Ç—è—à–∫–∞—Ö –ø–∞–ª—å—Ü–µ–≤

‚ù§Ô∏è –°–∫–∞—á–∞–π—Ç–µ –ø—Ä–∏–ª–æ–∂–µ–Ω–∏–µ Sports",2024-06-28T06:15:25+00:00,–°–ø–æ—Ä—Ç—Å –Ω–∞ –ï–≤—Ä–æ-2024,https://t.me/sportsru/102150,—Å–ø–æ—Ä—Ç,—ç–Ω—Ç–æ–Ω–∏ –≥–æ—Ä–¥–æ–Ω —É–ø–∞–ª –≤–µ–ª–æ—Å–∏–ø–µ–¥–∞ –±–∞–∑–µ —Å–±–æ—Ä–Ω–æ–π –∞–Ω–≥–ª–∏–∏ —Ä–∞–∑–±–∏–ª –Ω–æ—Å –ø–æ–¥–±–æ—Ä–æ–¥–æ–∫ —Ç–∞–∫–∂–µ –ø–æ–ª—É—á–∏–ª —Å—Å–∞–¥–∏–Ω—ã –∫–æ–ª–µ–Ω–µ –∫–æ—Å—Ç—è—à–∫–∞—Ö –ø–∞–ª—å—Ü–µ–≤ —Å–∫–∞—á–∞–π—Ç–µ –ø—Ä–∏–ª–æ–∂–µ–Ω–∏–µ sport,—ç–Ω—Ç–æ–Ω–∏ –≥–æ—Ä–¥–æ–Ω —É–ø–∞–ª –≤–µ–ª–æ—Å–∏–ø–µ–¥–∞ –±–∞–∑–µ —Å–±–æ—Ä–Ω–æ–π –∞–Ω–≥–ª–∏–∏ —Ä–∞–∑–±–∏–ª –Ω–æ—Å –ø–æ–¥–±–æ—Ä–æ–¥–æ–∫ —Ç–∞–∫–∂–µ –ø–æ–ª—É—á–∏–ª —Å—Å–∞–¥–∏–Ω—ã –∫–æ–ª–µ–Ω–µ –∫–æ—Å—Ç—è—à–∫–∞—Ö –ø–∞–ª—å—Ü–µ–≤ —Å–∫–∞—á–∞–π—Ç–µ –ø—Ä–∏–ª–æ–∂–µ–Ω–∏–µ sport –°–ø–æ—Ä—Ç—Å –Ω–∞ –ï–≤—Ä–æ-2024
üó∫Ô∏è –°–æ–±—Ä–∞–ª–∏ –ø–æ–ª–Ω—ã–π –≥–∞–π–¥ –ø—Ä–æ –ï–≤—Ä–æ-2024! ,"üó∫Ô∏è –°–æ–±—Ä–∞–ª–∏ –ø–æ–ª–Ω—ã–π –≥–∞–π–¥ –ø—Ä–æ –ï–≤—Ä–æ-2024! 

–ß–∏—Ç–∞–π—Ç–µ –ø—Ä—è–º–æ —Å–µ–π—á–∞—Å –∏ —Å–º–æ—Ç—Ä–∏—Ç–µ –º–∞—Ç—á–∏ –≤ Okko üëáüèª 

https://sirena.world/yzvuzz",2024-06-28T06:02:54+00:00,–°–ø–æ—Ä—Ç—Å –Ω–∞ –ï–≤—Ä–æ-2024,https://t.me/sportsru/102149,—Å–ø–æ—Ä—Ç,—Å–æ–±—Ä–∞–ª–∏ –ø–æ–ª–Ω—ã–π –≥–∞–π–¥ –µ–≤—Ä–æ<NUM> —á–∏—Ç–∞–π—Ç–µ –ø—Ä—è–º–æ —Å–º–æ—Ç—Ä–∏—Ç–µ –º–∞—Ç—á–∏ okko <URL>,—Å–æ–±—Ä–∞–ª–∏ –ø–æ–ª–Ω—ã–π –≥–∞–π–¥ –µ–≤—Ä–æ<NUM> —á–∏—Ç–∞–π—Ç–µ –ø—Ä—è–º–æ —Å–º–æ—Ç—Ä–∏—Ç–µ –º–∞—Ç—á–∏ okko <URL> –°–ø–æ—Ä—Ç—Å –Ω–∞ –ï–≤—Ä–æ-2024
‚ö°Ô∏è ¬´–õ–µ–π–∫–µ—Ä—Å¬ª –≤—ã–±—Ä–∞–ª–∏ —Å—ã–Ω–∞ –õ–µ–±—Ä–æ–Ω–∞ –ë—Ä–æ–Ω–Ω–∏ –î–∂–µ–π–º—Å–∞ –Ω–∞ –¥—Ä–∞—Ñ—Ç–µ –ø–æ–¥ 55-–º –Ω–æ–º–µ—Ä–æ–º,"‚ö°Ô∏è ¬´–õ–µ–π–∫–µ—Ä—Å¬ª –≤—ã–±—Ä–∞–ª–∏ —Å—ã–Ω–∞ –õ–µ–±—Ä–æ–Ω–∞ –ë—Ä–æ–Ω–Ω–∏ –î–∂–µ–π–º—Å–∞ –Ω–∞ –¥—Ä–∞—Ñ—Ç–µ –ø–æ–¥ 55-–º –Ω–æ–º–µ—Ä–æ–º

–í–ø–µ—Ä–≤—ã–µ –≤ –∏—Å—Ç–æ—Ä–∏–∏ —Å—ã–Ω –∏ –æ—Ç–µ—Ü –±—É–¥—É—Ç –∏–≥—Ä–∞—Ç—å –∑–∞ –æ–¥–Ω—É –∫–æ–º–∞–Ω–¥—É –ù–ë–ê ü§Ø

‚ù§Ô∏è –ü–æ–¥–ø–∏—Å—ã–≤–∞–π—Ç–µ—Å—å –Ω–∞ Sports",2024-06-27T23:04:43+00:00,–°–ø–æ—Ä—Ç—Å –Ω–∞ –ï–≤—Ä–æ-2024,https://t.me/sportsru/102148,—Å–ø–æ—Ä—Ç,–ª–µ–π–∫–µ—Ä—Å –≤—ã–±—Ä–∞–ª–∏ —Å—ã–Ω–∞ –ª–µ–±—Ä–æ–Ω–∞ –±—Ä–æ–Ω–Ω–∏ –¥–∂–µ–π–º—Å–∞ –¥—Ä–∞—Ñ—Ç–µ <NUM>–º –Ω–æ–º–µ—Ä–æ–º –≤–ø–µ—Ä–≤—ã–µ –∏—Å—Ç–æ—Ä–∏–∏ —Å—ã–Ω –æ—Ç–µ—Ü –±—É–¥—É—Ç –∏–≥—Ä–∞—Ç—å –æ–¥–Ω—É –∫–æ–º–∞–Ω–¥—É –Ω–±–∞ –ø–æ–¥–ø–∏—Å—ã–≤–∞–π—Ç–µ—Å—å sport,–ª–µ–π–∫–µ—Ä—Å –≤—ã–±—Ä–∞–ª–∏ —Å—ã–Ω–∞ –ª–µ–±—Ä–æ–Ω–∞ –±—Ä–æ–Ω–Ω–∏ –¥–∂–µ–π–º—Å–∞ –¥—Ä–∞—Ñ—Ç–µ <NUM>–º –Ω–æ–º–µ—Ä–æ–º –≤–ø–µ—Ä–≤—ã–µ –∏—Å—Ç–æ—Ä–∏–∏ —Å—ã–Ω –æ—Ç–µ—Ü –±—É–¥—É—Ç –∏–≥—Ä–∞—Ç—å –æ–¥–Ω—É –∫–æ–º–∞–Ω–¥—É –Ω–±–∞ –ø–æ–¥–ø–∏—Å—ã–≤–∞–π—Ç–µ—Å—å sport –°–ø–æ—Ä—Ç—Å –Ω–∞ –ï–≤—Ä–æ-2024
üáßüá™ –î–æ–º–µ–Ω–∏–∫–æ –¢–µ–¥–µ—Å–∫–æ –ø–æ–ø—ã—Ç–∞–ª—Å—è –æ–±—ä—è—Å–Ω–∏—Ç—å —Å–ª–∞–±—É—é –∏–≥—Ä—É —Å–±–æ—Ä–Ω–æ–π –ë–µ–ª—å–≥–∏–∏ –ø—Ä–æ—Ç–∏–≤ –£–∫—Ä–∞–∏–Ω—ã:,"üáßüá™ –î–æ–º–µ–Ω–∏–∫–æ –¢–µ–¥–µ—Å–∫–æ –ø–æ–ø—ã—Ç–∞–ª—Å—è –æ–±—ä—è—Å–Ω–∏—Ç—å —Å–ª–∞–±—É—é –∏–≥—Ä—É —Å–±–æ—Ä–Ω–æ–π –ë–µ–ª—å–≥–∏–∏ –ø—Ä–æ—Ç–∏–≤ –£–∫—Ä–∞–∏–Ω—ã:

‚Äî –ú—ã –µ—Ö–∞–ª–∏ –æ—Ç –æ—Ç–µ–ª—è –¥–æ —Å—Ç–∞–¥–∏–æ–Ω–∞ –æ–∫–æ–ª–æ —á–∞—Å–∞. –ë—ã–ª –ø–æ–ª–∏—Ü–µ–π—Å–∫–∏–π —ç—Å–∫–æ—Ä—Ç, –Ω–æ –±–µ–∑ –º–∏–≥–∞–ª–æ–∫. –ù–∞ –¥–æ—Ä–æ–≥–∞—Ö –Ω–µ –±—ã–ª–æ –ø—Ä–æ–±–æ–∫, –Ω–æ –æ–Ω–∏ –µ—Ö–∞–ª–∏ —Å–æ —Å–∫–æ—Ä–æ—Å—Ç—å—é 20 –∏–ª–∏ 25 –∫–∏–ª–æ–º–µ—Ç—Ä–æ–≤ –≤ —á–∞—Å –∏ –æ—Å—Ç–∞–Ω–∞–≤–ª–∏–≤–∞–ª–∏—Å—å –Ω–∞ –∫–∞–∂–¥–æ–º —Å–≤–µ—Ç–æ—Ñ–æ—Ä–µ –Ω–∞ –∫—Ä–∞—Å–Ω—ã–π —Å–≤–µ—Ç. –ò–∑-–∑–∞ —ç—Ç–æ–≥–æ —è —Å–º–æ–≥ –ø—Ä–æ–∏–∑–Ω–µ—Å—Ç–∏ —Ç–æ–ª—å–∫–æ –¥–≤—É—Ö–º–∏–Ω—É—Ç–Ω—É—é —Ä–µ—á—å –ø–µ—Ä–µ–¥ –∏–≥—Ä–æ–π ü•∂

üòé–ë–µ—Å–ø–ª–∞—Ç–Ω–∞—è —Å—Ç–∞–≤–∫–∞ 1000 —Ä—É–±–ª–µ–π –ø—Ä–∏ —Ä–µ–≥–∏—Å—Ç—Ä–∞—Ü–∏–∏",2024-06-27T22:02:21+00:00,–°–ø–æ—Ä—Ç—Å –Ω–∞ –ï–≤—Ä–æ-2024,https://t.me/sportsru/102147,—Å–ø–æ—Ä—Ç,–¥–æ–º–µ–Ω–∏–∫–æ —Ç–µ–¥–µ—Å–∫–æ –ø–æ–ø—ã—Ç–∞–ª—Å—è –æ–±—ä—è—Å–Ω–∏—Ç—å —Å–ª–∞–±—É—é –∏–≥—Ä—É —Å–±–æ—Ä–Ω–æ–π –±–µ–ª—å–≥–∏–∏ –ø—Ä–æ—Ç–∏–≤ —É–∫—Ä–∞–∏–Ω—ã –µ—Ö–∞–ª–∏ –æ—Ç–µ–ª—è —Å—Ç–∞–¥–∏–æ–Ω–∞ –æ–∫–æ–ª–æ —á–∞—Å–∞ –ø–æ–ª–∏—Ü–µ–π—Å–∫–∏–π —ç—Å–∫–æ—Ä—Ç –º–∏–≥–∞–ª–æ–∫ –¥–æ—Ä–æ–≥–∞—Ö –ø—Ä–æ–±–æ–∫ –µ—Ö–∞–ª–∏ —Å–∫–æ—Ä–æ—Å—Ç—å—é <NUM> <NUM> –∫–∏–ª–æ–º–µ—Ç—Ä–æ–≤ —á–∞—Å –æ—Å—Ç–∞–Ω–∞–≤–ª–∏–≤–∞–ª–∏—Å—å –∫–∞–∂–¥–æ–º —Å–≤–µ—Ç–æ—Ñ–æ—Ä–µ –∫—Ä–∞—Å–Ω—ã–π —Å–≤–µ—Ç –∏–∑–∑–∞ —Å–º–æ–≥ –ø—Ä–æ–∏–∑–Ω–µ—Å—Ç–∏ –¥–≤—É—Ö–º–∏–Ω—É—Ç–Ω—É—é —Ä–µ—á—å –∏–≥—Ä–æ–π –±–µ—Å–ø–ª–∞—Ç–Ω–∞—è —Å—Ç–∞–≤–∫–∞ <NUM> —Ä—É–±–ª–µ–π —Ä–µ–≥–∏—Å—Ç—Ä–∞—Ü–∏–∏,–¥–æ–º–µ–Ω–∏–∫–æ —Ç–µ–¥–µ—Å–∫–æ –ø–æ–ø—ã—Ç–∞–ª—Å—è –æ–±—ä—è—Å–Ω–∏—Ç—å —Å–ª–∞–±—É—é –∏–≥—Ä—É —Å–±–æ—Ä–Ω–æ–π –±–µ–ª—å–≥–∏–∏ –ø—Ä–æ—Ç–∏–≤ —É–∫—Ä–∞–∏–Ω—ã –µ—Ö–∞–ª–∏ –æ—Ç–µ–ª—è —Å—Ç–∞–¥–∏–æ–Ω–∞ –æ–∫–æ–ª–æ —á–∞—Å–∞ –ø–æ–ª–∏—Ü–µ–π—Å–∫–∏–π —ç—Å–∫–æ—Ä—Ç –º–∏–≥–∞–ª–æ–∫ –¥–æ—Ä–æ–≥–∞—Ö –ø—Ä–æ–±–æ–∫ –µ—Ö–∞–ª–∏ —Å–∫–æ—Ä–æ—Å—Ç—å—é <NUM> <NUM> –∫–∏–ª–æ–º–µ—Ç—Ä–æ–≤ —á–∞—Å –æ—Å—Ç–∞–Ω–∞–≤–ª–∏–≤–∞–ª–∏—Å—å –∫–∞–∂–¥–æ–º —Å–≤–µ—Ç–æ—Ñ–æ—Ä–µ –∫—Ä–∞—Å–Ω—ã–π —Å–≤–µ—Ç –∏–∑–∑–∞ —Å–º–æ–≥ –ø—Ä–æ–∏–∑–Ω–µ—Å—Ç–∏ –¥–≤—É—Ö–º–∏–Ω—É—Ç–Ω—É—é —Ä–µ—á—å –∏–≥—Ä–æ–π –±–µ—Å–ø–ª–∞—Ç–Ω–∞—è —Å—Ç–∞–≤–∫–∞ <NUM> —Ä—É–±–ª–µ–π —Ä–µ–≥–∏—Å—Ç—Ä–∞—Ü–∏–∏ –°–ø–æ—Ä—Ç—Å –Ω–∞ –ï–≤—Ä–æ-2024
"ü§Ø –ù–∏–¥–µ—Ä–ª–∞–Ω–¥—Å–∫–∏–π –≤–æ–ª–µ–π–±–æ–ª–∏—Å—Ç –≤–∞–Ω –¥–µ –í–µ–ª—å–¥–µ, –∏–∑–Ω–∞—Å–∏–ª–æ–≤–∞–≤—à–∏–π 12-–ª–µ—Ç–Ω–µ–≥–æ —Ä–µ–±–µ–Ω–∫–∞, –≤—ã—Å—Ç—É–ø–∏—Ç –Ω–∞ –û–ª–∏–º–ø–∏–∞–¥–µ –≤ –ü–∞—Ä–∏–∂–µ (CNN)","ü§Ø –ù–∏–¥–µ—Ä–ª–∞–Ω–¥—Å–∫–∏–π –≤–æ–ª–µ–π–±–æ–ª–∏—Å—Ç –≤–∞–Ω –¥–µ –í–µ–ª—å–¥–µ, –∏–∑–Ω–∞—Å–∏–ª–æ–≤–∞–≤—à–∏–π 12-–ª–µ—Ç–Ω–µ–≥–æ —Ä–µ–±–µ–Ω–∫–∞, –≤—ã—Å—Ç—É–ø–∏—Ç –Ω–∞ –û–ª–∏–º–ø–∏–∞–¥–µ –≤ –ü–∞—Ä–∏–∂–µ (CNN)

–û–Ω –æ—Ç—Å–∏–¥–µ–ª –≤ —Ç—é—Ä—å–º–µ —á–µ—Ç—ã—Ä–µ –≥–æ–¥–∞ –∏ –±—ã–ª –æ—Å–≤–æ–±–æ–∂–¥–µ–Ω –≤ 2017-–º

‚ù§Ô∏è –ü–æ–¥–ø–∏—Å—ã–≤–∞–π—Ç–µ—Å—å –Ω–∞ Sports",2024-06-27T21:01:34+00:00,–°–ø–æ—Ä—Ç—Å –Ω–∞ –ï–≤—Ä–æ-2024,https://t.me/sportsru/102146,—Å–ø–æ—Ä—Ç,–Ω–∏–¥–µ—Ä–ª–∞–Ω–¥—Å–∫–∏–π –≤–æ–ª–µ–π–±–æ–ª–∏—Å—Ç –≤–∞–Ω –¥–µ –≤–µ–ª—å–¥–µ –∏–∑–Ω–∞—Å–∏–ª–æ–≤–∞–≤—à–∏–π <NUM>–ª–µ—Ç–Ω–µ–≥–æ —Ä–µ–±–µ–Ω–∫–∞ –≤—ã—Å—Ç—É–ø–∏—Ç –æ–ª–∏–º–ø–∏–∞–¥–µ –ø–∞—Ä–∏–∂–µ cnn –æ—Ç—Å–∏–¥–µ–ª —Ç—é—Ä—å–º–µ —á–µ—Ç—ã—Ä–µ –≥–æ–¥–∞ –æ—Å–≤–æ–±–æ–∂–¥–µ–Ω <NUM>–º –ø–æ–¥–ø–∏—Å—ã–≤–∞–π—Ç–µ—Å—å sport,–Ω–∏–¥–µ—Ä–ª–∞–Ω–¥—Å–∫–∏–π –≤–æ–ª–µ–π–±–æ–ª–∏—Å—Ç –≤–∞–Ω –¥–µ –≤–µ–ª—å–¥–µ –∏–∑–Ω–∞—Å–∏–ª–æ–≤–∞–≤—à–∏–π <NUM>–ª–µ—Ç–Ω–µ–≥–æ —Ä–µ–±–µ–Ω–∫–∞ –≤—ã—Å—Ç—É–ø–∏—Ç –æ–ª–∏–º–ø–∏–∞–¥–µ –ø–∞—Ä–∏–∂–µ cnn –æ—Ç—Å–∏–¥–µ–ª —Ç—é—Ä—å–º–µ —á–µ—Ç—ã—Ä–µ –≥–æ–¥–∞ –æ—Å–≤–æ–±–æ–∂–¥–µ–Ω <NUM>–º –ø–æ–¥–ø–∏—Å—ã–≤–∞–π—Ç–µ—Å—å sport –°–ø–æ—Ä—Ç—Å –Ω–∞ –ï–≤—Ä–æ-2024
‚úàÔ∏èüá≠üá∑ –°–±–æ—Ä–Ω–∞—è –°–µ—Ä–±–∏–∏ –ª–µ—Ç–µ–ª–∞ –Ω–∞ –ï–≤—Ä–æ-2024 –Ω–∞ —Å–∞–º–æ–ª–µ—Ç–µ —Ö–æ—Ä–≤–∞—Ç—Å–∫–æ–π –∞–≤–∏–∞–∫–æ–º–ø–∞–Ω–∏–∏ —Å —Ö–æ—Ä–≤–∞—Ç—Å–∫–æ–π –º–∞—Ä–∫–∏—Ä–æ–≤–∫–æ–π. –ù–∞ —ç—Ç–æ –æ–±—Ä–∞—Ç–∏–ª–∞ –≤–Ω–∏–º–∞–Ω–∏–µ –ø—Ä–µ–¥—Å–µ–¥–∞—Ç–µ–ª—å —Å–µ—Ä–±—Å–∫–æ–≥–æ –ø–∞—Ä–ª–∞–º–µ–Ω—Ç–∞. –û–Ω–∞ –Ω–∞–∑–≤–∞–ª–∞ —ç—Ç–æ –ø–æ–∑–æ—Ä–æ–º (¬´sramota¬ª) –∏ –ø—Ä–∏–∑–≤–∞–ª–∞ —É—Å—Ç–∞–Ω–æ–≤–∏—Ç—å –≤–∏–Ω–æ–≤–Ω—ã—Ö üò≠,"‚úàÔ∏èüá≠üá∑ –°–±–æ—Ä–Ω–∞—è –°–µ—Ä–±–∏–∏ –ª–µ—Ç–µ–ª–∞ –Ω–∞ –ï–≤—Ä–æ-2024 –Ω–∞ —Å–∞–º–æ–ª–µ—Ç–µ —Ö–æ—Ä–≤–∞—Ç—Å–∫–æ–π –∞–≤–∏–∞–∫–æ–º–ø–∞–Ω–∏–∏ —Å —Ö–æ—Ä–≤–∞—Ç—Å–∫–æ–π –º–∞—Ä–∫–∏—Ä–æ–≤–∫–æ–π. –ù–∞ —ç—Ç–æ –æ–±—Ä–∞—Ç–∏–ª–∞ –≤–Ω–∏–º–∞–Ω–∏–µ –ø—Ä–µ–¥—Å–µ–¥–∞—Ç–µ–ª—å —Å–µ—Ä–±—Å–∫–æ–≥–æ –ø–∞—Ä–ª–∞–º–µ–Ω—Ç–∞. –û–Ω–∞ –Ω–∞–∑–≤–∞–ª–∞ —ç—Ç–æ –ø–æ–∑–æ—Ä–æ–º (¬´sramota¬ª) –∏ –ø—Ä–∏–∑–≤–∞–ª–∞ —É—Å—Ç–∞–Ω–æ–≤–∏—Ç—å –≤–∏–Ω–æ–≤–Ω—ã—Ö üò≠

‚ù§Ô∏è –°–∫–∞—á–∞–π—Ç–µ –ø—Ä–∏–ª–æ–∂–µ–Ω–∏–µ Sports",2024-06-27T20:05:30+00:00,–°–ø–æ—Ä—Ç—Å –Ω–∞ –ï–≤—Ä–æ-2024,https://t.me/sportsru/102145,–ø—Ä–æ–∏—Å—à–µ—Å—Ç–≤–∏—è,—Å–±–æ—Ä–Ω–∞—è —Å–µ—Ä–±–∏–∏ –ª–µ—Ç–µ–ª–∞ –µ–≤—Ä–æ<NUM> —Å–∞–º–æ–ª–µ—Ç–µ —Ö–æ—Ä–≤–∞—Ç—Å–∫–æ–π –∞–≤–∏–∞–∫–æ–º–ø–∞–Ω–∏–∏ —Ö–æ—Ä–≤–∞—Ç—Å–∫–æ–π –º–∞—Ä–∫–∏—Ä–æ–≤–∫–æ–π —ç—Ç–æ –æ–±—Ä–∞—Ç–∏–ª–∞ –≤–Ω–∏–º–∞–Ω–∏–µ –ø—Ä–µ–¥—Å–µ–¥–∞—Ç–µ–ª—å —Å–µ—Ä–±—Å–∫–æ–≥–æ –ø–∞—Ä–ª–∞–º–µ–Ω—Ç–∞ –Ω–∞–∑–≤–∞–ª–∞ —ç—Ç–æ –ø–æ–∑–æ—Ä–æ–º sramota –ø—Ä–∏–∑–≤–∞–ª–∞ —É—Å—Ç–∞–Ω–æ–≤–∏—Ç—å –≤–∏–Ω–æ–≤–Ω—ã—Ö —Å–∫–∞—á–∞–π—Ç–µ –ø—Ä–∏–ª–æ–∂–µ–Ω–∏–µ sport,—Å–±–æ—Ä–Ω–∞—è —Å–µ—Ä–±–∏–∏ –ª–µ—Ç–µ–ª–∞ –µ–≤—Ä–æ<NUM> —Å–∞–º–æ–ª–µ—Ç–µ —Ö–æ—Ä–≤–∞—Ç—Å–∫–æ–π –∞–≤–∏–∞–∫–æ–º–ø–∞–Ω–∏–∏ —Ö–æ—Ä–≤–∞—Ç—Å–∫–æ–π –º–∞—Ä–∫–∏—Ä–æ–≤–∫–æ–π —ç—Ç–æ –æ–±—Ä–∞—Ç–∏–ª–∞ –≤–Ω–∏–º–∞–Ω–∏–µ –ø—Ä–µ–¥—Å–µ–¥–∞—Ç–µ–ª—å —Å–µ—Ä–±—Å–∫–æ–≥–æ –ø–∞—Ä–ª–∞–º–µ–Ω—Ç–∞ –Ω–∞–∑–≤–∞–ª–∞ —ç—Ç–æ –ø–æ–∑–æ—Ä–æ–º sramota –ø—Ä–∏–∑–≤–∞–ª–∞ —É—Å—Ç–∞–Ω–æ–≤–∏—Ç—å –≤–∏–Ω–æ–≤–Ω—ã—Ö —Å–∫–∞—á–∞–π—Ç–µ –ø—Ä–∏–ª–æ–∂–µ–Ω–∏–µ sport –°–ø–æ—Ä—Ç—Å –Ω–∞ –ï–≤—Ä–æ-2024
"üèãÔ∏è –¢—è–∂–µ–ª–æ–∞—Ç–ª–µ—Ç–∫–∞ –°–∏—Å–∏ –ö–∞–π–ª –≤—ã–≤–∏—Ö–Ω—É–ª–∞ –ø–∞–ª–µ—Ü –≤–æ –≤—Ä–µ–º—è —É–ø—Ä–∞–∂–Ω–µ–Ω–∏—è, –∞ –ø–æ—Ç–æ–º —Ç—É—Ç –∂–µ –≤–ø—Ä–∞–≤–∏–ª–∞, –Ω–µ –æ–ø—É—Å–∫–∞—è —à—Ç–∞–Ω–≥—É! –ò –∑–∞–±—Ä–∞–ª–∞ –∑–æ–ª–æ—Ç–æ –Ω–∞ —á–µ–º–ø–∏–æ–Ω–∞—Ç–µ –°–®–ê ü•á","üèãÔ∏è –¢—è–∂–µ–ª–æ–∞—Ç–ª–µ—Ç–∫–∞ –°–∏—Å–∏ –ö–∞–π–ª –≤—ã–≤–∏—Ö–Ω—É–ª–∞ –ø–∞–ª–µ—Ü –≤–æ –≤—Ä–µ–º—è —É–ø—Ä–∞–∂–Ω–µ–Ω–∏—è, –∞ –ø–æ—Ç–æ–º —Ç—É—Ç –∂–µ –≤–ø—Ä–∞–≤–∏–ª–∞, –Ω–µ –æ–ø—É—Å–∫–∞—è —à—Ç–∞–Ω–≥—É! –ò –∑–∞–±—Ä–∞–ª–∞ –∑–æ–ª–æ—Ç–æ –Ω–∞ —á–µ–º–ø–∏–æ–Ω–∞—Ç–µ –°–®–ê ü•á

üëè ‚Äì –º–æ—â—å!

‚ù§Ô∏è –ü–æ–¥–ø–∏—Å—ã–≤–∞–π—Ç–µ—Å—å –Ω–∞ Sports",2024-06-27T19:05:07+00:00,–°–ø–æ—Ä—Ç—Å –Ω–∞ –ï–≤—Ä–æ-2024,https://t.me/sportsru/102144,—Å–ø–æ—Ä—Ç,—Ç—è–∂–µ–ª–æ–∞—Ç–ª–µ—Ç–∫–∞ —Å–∏—Å–∏ –∫–∞–π–ª –≤—ã–≤–∏—Ö–Ω—É–ª–∞ –ø–∞–ª–µ—Ü –≤—Ä–µ–º—è —É–ø—Ä–∞–∂–Ω–µ–Ω–∏—è –≤–ø—Ä–∞–≤–∏–ª–∞ –æ–ø—É—Å–∫–∞—è —à—Ç–∞–Ω–≥—É –∑–∞–±—Ä–∞–ª–∞ –∑–æ–ª–æ—Ç–æ —á–µ–º–ø–∏–æ–Ω–∞—Ç–µ —Å—à–∞ –º–æ—â—å –ø–æ–¥–ø–∏—Å—ã–≤–∞–π—Ç–µ—Å—å sport,—Ç—è–∂–µ–ª–æ–∞—Ç–ª–µ—Ç–∫–∞ —Å–∏—Å–∏ –∫–∞–π–ª –≤—ã–≤–∏—Ö–Ω—É–ª–∞ –ø–∞–ª–µ—Ü –≤—Ä–µ–º—è —É–ø—Ä–∞–∂–Ω–µ–Ω–∏—è –≤–ø—Ä–∞–≤–∏–ª–∞ –æ–ø—É—Å–∫–∞—è —à—Ç–∞–Ω–≥—É –∑–∞–±—Ä–∞–ª–∞ –∑–æ–ª–æ—Ç–æ —á–µ–º–ø–∏–æ–Ω–∞—Ç–µ —Å—à–∞ –º–æ—â—å –ø–æ–¥–ø–∏—Å—ã–≤–∞–π—Ç–µ—Å—å sport –°–ø–æ—Ä—Ç—Å –Ω–∞ –ï–≤—Ä–æ-2024
üí∞ –ú–∏–ª–ª–∏–∞—Ä–¥–µ—Ä –ë–∏–¥–∑–∏–Ω–∞ –ò–≤–∞–Ω–∏—à–≤–∏–ª–∏ –∑–∞–ø–ª–∞—Ç–∏—Ç 10 –º–ª–Ω –¥–æ–ª–ª–∞—Ä–æ–≤ —Å–±–æ—Ä–Ω–æ–π –ì—Ä—É–∑–∏–∏ –∑–∞ –≤—ã—Ö–æ–¥ –≤ 1/8 —Ñ–∏–Ω–∞–ª–∞ –ï–≤—Ä–æ-2024,"üí∞ –ú–∏–ª–ª–∏–∞—Ä–¥–µ—Ä –ë–∏–¥–∑–∏–Ω–∞ –ò–≤–∞–Ω–∏—à–≤–∏–ª–∏ –∑–∞–ø–ª–∞—Ç–∏—Ç 10 –º–ª–Ω –¥–æ–ª–ª–∞—Ä–æ–≤ —Å–±–æ—Ä–Ω–æ–π –ì—Ä—É–∑–∏–∏ –∑–∞ –≤—ã—Ö–æ–¥ –≤ 1/8 —Ñ–∏–Ω–∞–ª–∞ –ï–≤—Ä–æ-2024

–û–Ω —É–¥–≤–æ–∏—Ç —ç—Ç—É —Å—É–º–º—É, –µ—Å–ª–∏ –∫–æ–º–∞–Ω–¥–∞ –æ–±—ã–≥—Ä–∞–µ—Ç –ò—Å–ø–∞–Ω–∏—é ü§ë

üëå–§—Ä–∏–±–µ—Ç –¥–æ 2 000 ‚ÇΩ –∑–∞ —Å—Ç–∞–≤–∫—É",2024-06-27T18:01:37+00:00,–°–ø–æ—Ä—Ç—Å –Ω–∞ –ï–≤—Ä–æ-2024,https://t.me/sportsru/102143,—Å–ø–æ—Ä—Ç,–º–∏–ª–ª–∏–∞—Ä–¥–µ—Ä –±–∏–¥–∑–∏–Ω–∞ –∏–≤–∞–Ω–∏—à–≤–∏–ª–∏ –∑–∞–ø–ª–∞—Ç–∏—Ç <NUM> –º–ª–Ω –¥–æ–ª–ª–∞—Ä–æ–≤ —Å–±–æ—Ä–Ω–æ–π –≥—Ä—É–∑–∏–∏ –≤—ã—Ö–æ–¥ <NUM> —Ñ–∏–Ω–∞–ª–∞ –µ–≤—Ä–æ<NUM> —É–¥–≤–æ–∏—Ç —Å—É–º–º—É –∫–æ–º–∞–Ω–¥–∞ –æ–±—ã–≥—Ä–∞–µ—Ç –∏—Å–ø–∞–Ω–∏—é —Ñ—Ä–∏–±–µ—Ç <NUM> <NUM> —Å—Ç–∞–≤–∫—É,–º–∏–ª–ª–∏–∞—Ä–¥–µ—Ä –±–∏–¥–∑–∏–Ω–∞ –∏–≤–∞–Ω–∏—à–≤–∏–ª–∏ –∑–∞–ø–ª–∞—Ç–∏—Ç <NUM> –º–ª–Ω –¥–æ–ª–ª–∞—Ä–æ–≤ —Å–±–æ—Ä–Ω–æ–π –≥—Ä—É–∑–∏–∏ –≤—ã—Ö–æ–¥ <NUM> —Ñ–∏–Ω–∞–ª–∞ –µ–≤—Ä–æ<NUM> —É–¥–≤–æ–∏—Ç —Å—É–º–º—É –∫–æ–º–∞–Ω–¥–∞ –æ–±—ã–≥—Ä–∞–µ—Ç –∏—Å–ø–∞–Ω–∏—é —Ñ—Ä–∏–±–µ—Ç <NUM> <NUM> —Å—Ç–∞–≤–∫—É –°–ø–æ—Ä—Ç—Å –Ω–∞ –ï–≤—Ä–æ-2024
‚öΩÔ∏è –°–Ω–∏–º–∏—Ç–µ —Å–≤–æ–π –ª—É—á—à–∏–π –≥–æ–ª –∏ –≤—ã–∏–≥—Ä–∞–π—Ç–µ –ø—Ä–∏–∑ –≤ –Ω–æ–≤–æ–º –∫–æ–Ω–∫—É—Ä—Å–µ –õ–∏–≥–∏ –°—Ç–∞–≤–æ–∫. –í–∞—à–∏ –≤–∏–¥–µ–æ –ø–æ—Å–º–æ—Ç—Ä—è—Ç –î–∑—é–±–∞ –∏ –°–ª—É—Ü–∫–∏–π ,"‚öΩÔ∏è –°–Ω–∏–º–∏—Ç–µ —Å–≤–æ–π –ª—É—á—à–∏–π –≥–æ–ª –∏ –≤—ã–∏–≥—Ä–∞–π—Ç–µ –ø—Ä–∏–∑ –≤ –Ω–æ–≤–æ–º –∫–æ–Ω–∫—É—Ä—Å–µ –õ–∏–≥–∏ –°—Ç–∞–≤–æ–∫. –í–∞—à–∏ –≤–∏–¥–µ–æ –ø–æ—Å–º–æ—Ç—Ä—è—Ç –î–∑—é–±–∞ –∏ –°–ª—É—Ü–∫–∏–π 

–ü–æ–¥—Ä–æ–±–Ω–æ—Å—Ç–∏ üëâ https://t.me/ligastavok/7243",2024-06-27T17:46:35+00:00,–°–ø–æ—Ä—Ç—Å –Ω–∞ –ï–≤—Ä–æ-2024,https://t.me/sportsru/102142,—Å–ø–æ—Ä—Ç,—Å–Ω–∏–º–∏—Ç–µ —Å–≤–æ–π –ª—É—á—à–∏–π –≥–æ–ª –≤—ã–∏–≥—Ä–∞–π—Ç–µ –ø—Ä–∏–∑ –Ω–æ–≤–æ–º –∫–æ–Ω–∫—É—Ä—Å–µ –ª–∏–≥–∏ —Å—Ç–∞–≤–æ–∫ –≤–∞—à–∏ –≤–∏–¥–µ–æ –ø–æ—Å–º–æ—Ç—Ä—è—Ç –¥–∑—é–±–∞ —Å–ª—É—Ü–∫–∏–π –ø–æ–¥—Ä–æ–±–Ω–æ—Å—Ç–∏ <URL>,—Å–Ω–∏–º–∏—Ç–µ —Å–≤–æ–π –ª—É—á—à–∏–π –≥–æ–ª –≤—ã–∏–≥—Ä–∞–π—Ç–µ –ø—Ä–∏–∑ –Ω–æ–≤–æ–º –∫–æ–Ω–∫—É—Ä—Å–µ –ª–∏–≥–∏ —Å—Ç–∞–≤–æ–∫ –≤–∞—à–∏ –≤–∏–¥–µ–æ –ø–æ—Å–º–æ—Ç—Ä—è—Ç –¥–∑—é–±–∞ —Å–ª—É—Ü–∫–∏–π –ø–æ–¥—Ä–æ–±–Ω–æ—Å—Ç–∏ <URL> –°–ø–æ—Ä—Ç—Å –Ω–∞ –ï–≤—Ä–æ-2024
"üá™üá∏ –õ–∞–º–∏–Ω –Ø–º–∞–ª—å —É—Å–ø–µ—à–Ω–æ —Å–¥–∞–ª —ç–∫–∑–∞–º–µ–Ω—ã, –∫ –∫–æ—Ç–æ—Ä—ã–º –≥–æ—Ç–æ–≤–∏–ª—Å—è –≤–æ –≤—Ä–µ–º—è –ï–≤—Ä–æ, –∏ –∑–∞–∫–æ–Ω—á–∏–ª —Å—Ä–µ–¥–Ω—é—é —à–∫–æ–ª—É üìö","üá™üá∏ –õ–∞–º–∏–Ω –Ø–º–∞–ª—å —É—Å–ø–µ—à–Ω–æ —Å–¥–∞–ª —ç–∫–∑–∞–º–µ–Ω—ã, –∫ –∫–æ—Ç–æ—Ä—ã–º –≥–æ—Ç–æ–≤–∏–ª—Å—è –≤–æ –≤—Ä–µ–º—è –ï–≤—Ä–æ, –∏ –∑–∞–∫–æ–Ω—á–∏–ª —Å—Ä–µ–¥–Ω—é—é —à–∫–æ–ª—É üìö

–ë–æ–Ω—É—Å –¥–æ 9000 ‚ÇΩ –≤ –º–æ–±–∏–ª—å–Ω–æ–º –ø—Ä–∏–ª–æ–∂–µ–Ω–∏–∏ ¬´–ú–∞—Ä–∞—Ñ–æ–Ω¬ª",2024-06-27T17:00:28+00:00,–°–ø–æ—Ä—Ç—Å –Ω–∞ –ï–≤—Ä–æ-2024,https://t.me/sportsru/102141,–æ–±—Ä–∞–∑–æ–≤–∞–Ω–∏–µ,–ª–∞–º–∏–Ω —è–º–∞–ª—å —É—Å–ø–µ—à–Ω–æ —Å–¥–∞–ª —ç–∫–∑–∞–º–µ–Ω—ã –∫–æ—Ç–æ—Ä—ã–º –≥–æ—Ç–æ–≤–∏–ª—Å—è –≤—Ä–µ–º—è –µ–≤—Ä–æ –∑–∞–∫–æ–Ω—á–∏–ª —Å—Ä–µ–¥–Ω—é—é —à–∫–æ–ª—É –±–æ–Ω—É—Å <NUM> –º–æ–±–∏–ª—å–Ω–æ–º –ø—Ä–∏–ª–æ–∂–µ–Ω–∏–∏ –º–∞—Ä–∞—Ñ–æ–Ω,–ª–∞–º–∏–Ω —è–º–∞–ª—å —É—Å–ø–µ—à–Ω–æ —Å–¥–∞–ª —ç–∫–∑–∞–º–µ–Ω—ã –∫–æ—Ç–æ—Ä—ã–º –≥–æ—Ç–æ–≤–∏–ª—Å—è –≤—Ä–µ–º—è –µ–≤—Ä–æ –∑–∞–∫–æ–Ω—á–∏–ª —Å—Ä–µ–¥–Ω—é—é —à–∫–æ–ª—É –±–æ–Ω—É—Å <NUM> –º–æ–±–∏–ª—å–Ω–æ–º –ø—Ä–∏–ª–æ–∂–µ–Ω–∏–∏ –º–∞—Ä–∞—Ñ–æ–Ω –°–ø–æ—Ä—Ç—Å –Ω–∞ –ï–≤—Ä–æ-2024
ü§Ø 17-–ª–µ—Ç–Ω—è—è –∫–∏—Ç–∞–π—Å–∫–∞—è –±–∞—Å–∫–µ—Ç–±–æ–ª–∏—Å—Ç–∫–∞ –ß–∂–∞–Ω –¶–∑—ã—é —Å —Ä–æ—Å—Ç–æ–º 226 —Å–∞–Ω—Ç–∏–º–µ—Ç—Ä–æ–≤ —É—Å—Ç–∞–Ω–æ–≤–∏–ª–∞ —Ä–µ–∫–æ—Ä–¥ –Ω–∞ –º–æ–ª–æ–¥–µ–∂–Ω–æ–º –ö—É–±–∫–µ –ê–∑–∏–∏ ‚Äì¬†44 –æ—á–∫–∞ –ø—Ä–æ—Ç–∏–≤ –Ø–ø–æ–Ω–∏–∏ üíÄ,"ü§Ø 17-–ª–µ—Ç–Ω—è—è –∫–∏—Ç–∞–π—Å–∫–∞—è –±–∞—Å–∫–µ—Ç–±–æ–ª–∏—Å—Ç–∫–∞ –ß–∂–∞–Ω –¶–∑—ã—é —Å —Ä–æ—Å—Ç–æ–º 226 —Å–∞–Ω—Ç–∏–º–µ—Ç—Ä–æ–≤ —É—Å—Ç–∞–Ω–æ–≤–∏–ª–∞ —Ä–µ–∫–æ—Ä–¥ –Ω–∞ –º–æ–ª–æ–¥–µ–∂–Ω–æ–º –ö—É–±–∫–µ –ê–∑–∏–∏ ‚Äì¬†44 –æ—á–∫–∞ –ø—Ä–æ—Ç–∏–≤ –Ø–ø–æ–Ω–∏–∏ üíÄ

‚ù§Ô∏è –°–∫–∞—á–∞–π—Ç–µ –ø—Ä–∏–ª–æ–∂–µ–Ω–∏–µ Sports",2024-06-27T16:00:42+00:00,–°–ø–æ—Ä—Ç—Å –Ω–∞ –ï–≤—Ä–æ-2024,https://t.me/sportsru/102140,—Å–ø–æ—Ä—Ç,<NUM>–ª–µ—Ç–Ω—è—è –∫–∏—Ç–∞–π—Å–∫–∞—è –±–∞—Å–∫–µ—Ç–±–æ–ª–∏—Å—Ç–∫–∞ —á–∂–∞–Ω —Ü–∑—ã—é —Ä–æ—Å—Ç–æ–º <NUM> —Å–∞–Ω—Ç–∏–º–µ—Ç—Ä–æ–≤ —É—Å—Ç–∞–Ω–æ–≤–∏–ª–∞ —Ä–µ–∫–æ—Ä–¥ –º–æ–ª–æ–¥–µ–∂–Ω–æ–º –∫—É–±–∫–µ –∞–∑–∏–∏ <NUM> –æ—á–∫–∞ –ø—Ä–æ—Ç–∏–≤ —è–ø–æ–Ω–∏–∏ —Å–∫–∞—á–∞–π—Ç–µ –ø—Ä–∏–ª–æ–∂–µ–Ω–∏–µ sport,<NUM>–ª–µ—Ç–Ω—è—è –∫–∏—Ç–∞–π—Å–∫–∞—è –±–∞—Å–∫–µ—Ç–±–æ–ª–∏—Å—Ç–∫–∞ —á–∂–∞–Ω —Ü–∑—ã—é —Ä–æ—Å—Ç–æ–º <NUM> —Å–∞–Ω—Ç–∏–º–µ—Ç—Ä–æ–≤ —É—Å—Ç–∞–Ω–æ–≤–∏–ª–∞ —Ä–µ–∫–æ—Ä–¥ –º–æ–ª–æ–¥–µ–∂–Ω–æ–º –∫—É–±–∫–µ –∞–∑–∏–∏ <NUM> –æ—á–∫–∞ –ø—Ä–æ—Ç–∏–≤ —è–ø–æ–Ω–∏–∏ —Å–∫–∞—á–∞–π—Ç–µ –ø—Ä–∏–ª–æ–∂–µ–Ω–∏–µ sport –°–ø–æ—Ä—Ç—Å –Ω–∞ –ï–≤—Ä–æ-2024
üíÄ –°—É–¥—å—è –º–∞—Ç—á–∞ –ì—Ä—É–∑–∏–∏ –∏ –ü–æ—Ä—Ç—É–≥–∞–ª–∏–∏ –∑–∞–ø–∏—Å—ã–≤–∞–ª –∂–µ–ª—Ç—ã–µ –∫–∞—Ä—Ç–æ—á–∫–∏ –ø—Ä—è–º–æ –Ω–∞ —Ä—É–∫–µ,"üíÄ –°—É–¥—å—è –º–∞—Ç—á–∞ –ì—Ä—É–∑–∏–∏ –∏ –ü–æ—Ä—Ç—É–≥–∞–ª–∏–∏ –∑–∞–ø–∏—Å—ã–≤–∞–ª –∂–µ–ª—Ç—ã–µ –∫–∞—Ä—Ç–æ—á–∫–∏ –ø—Ä—è–º–æ –Ω–∞ —Ä—É–∫–µ

‚ù§Ô∏è –ü–æ–¥–ø–∏—Å—ã–≤–∞–π—Ç–µ—Å—å –Ω–∞ Sports",2024-06-27T15:01:24+00:00,–°–ø–æ—Ä—Ç—Å –Ω–∞ –ï–≤—Ä–æ-2024,https://t.me/sportsru/102139,—Å–ø–æ—Ä—Ç,—Å—É–¥—å—è –º–∞—Ç—á–∞ –≥—Ä—É–∑–∏–∏ –ø–æ—Ä—Ç—É–≥–∞–ª–∏–∏ –∑–∞–ø–∏—Å—ã–≤–∞–ª –∂–µ–ª—Ç—ã–µ –∫–∞—Ä—Ç–æ—á–∫–∏ –ø—Ä—è–º–æ —Ä—É–∫–µ –ø–æ–¥–ø–∏—Å—ã–≤–∞–π—Ç–µ—Å—å sport,—Å—É–¥—å—è –º–∞—Ç—á–∞ –≥—Ä—É–∑–∏–∏ –ø–æ—Ä—Ç—É–≥–∞–ª–∏–∏ –∑–∞–ø–∏—Å—ã–≤–∞–ª –∂–µ–ª—Ç—ã–µ –∫–∞—Ä—Ç–æ—á–∫–∏ –ø—Ä—è–º–æ —Ä—É–∫–µ –ø–æ–¥–ø–∏—Å—ã–≤–∞–π—Ç–µ—Å—å sport –°–ø–æ—Ä—Ç—Å –Ω–∞ –ï–≤—Ä–æ-2024
"üá≥üá± –õ–µ–≥–µ–Ω–¥–∞—Ä–Ω—ã–π –ê—Ä—å–µ–Ω –†–æ–±–±–µ–Ω –∏ –µ–≥–æ –Ω–µ –º–µ–Ω–µ–µ –ª–µ–≥–µ–Ω–¥–∞—Ä–Ω—ã–π –ø—Ä–∏–µ–º, –∫–æ—Ç–æ—Ä—ã–º –æ–Ω —É–Ω–∏—á—Ç–æ–∂–∞–ª —Å–æ–ø–µ—Ä–Ω–∏–∫–æ–≤ –≤—Å—é –∫–∞—Ä—å–µ—Ä—É","üá≥üá± –õ–µ–≥–µ–Ω–¥–∞—Ä–Ω—ã–π –ê—Ä—å–µ–Ω –†–æ–±–±–µ–Ω –∏ –µ–≥–æ –Ω–µ –º–µ–Ω–µ–µ –ª–µ–≥–µ–Ω–¥–∞—Ä–Ω—ã–π –ø—Ä–∏–µ–º, –∫–æ—Ç–æ—Ä—ã–º –æ–Ω —É–Ω–∏—á—Ç–æ–∂–∞–ª —Å–æ–ø–µ—Ä–Ω–∏–∫–æ–≤ –≤—Å—é –∫–∞—Ä—å–µ—Ä—É

üëè ‚Äì –≤—Å–µ –µ—â–µ –Ω–µ–≤–µ—Ä–æ—è—Ç–µ–Ω 

‚ù§Ô∏è –°–∫–∞—á–∞–π—Ç–µ –ø—Ä–∏–ª–æ–∂–µ–Ω–∏–µ Sports",2024-06-27T14:04:54+00:00,–°–ø–æ—Ä—Ç—Å –Ω–∞ –ï–≤—Ä–æ-2024,https://t.me/sportsru/102138,—Å–ø–æ—Ä—Ç,–ª–µ–≥–µ–Ω–¥–∞—Ä–Ω—ã–π –∞—Ä—å–µ–Ω —Ä–æ–±–±–µ–Ω –º–µ–Ω–µ–µ –ª–µ–≥–µ–Ω–¥–∞—Ä–Ω—ã–π –ø—Ä–∏–µ–º –∫–æ—Ç–æ—Ä—ã–º —É–Ω–∏—á—Ç–æ–∂–∞–ª —Å–æ–ø–µ—Ä–Ω–∏–∫–æ–≤ –∫–∞—Ä—å–µ—Ä—É –Ω–µ–≤–µ—Ä–æ—è—Ç–µ–Ω —Å–∫–∞—á–∞–π—Ç–µ –ø—Ä–∏–ª–æ–∂–µ–Ω–∏–µ sport,–ª–µ–≥–µ–Ω–¥–∞—Ä–Ω—ã–π –∞—Ä—å–µ–Ω —Ä–æ–±–±–µ–Ω –º–µ–Ω–µ–µ –ª–µ–≥–µ–Ω–¥–∞—Ä–Ω—ã–π –ø—Ä–∏–µ–º –∫–æ—Ç–æ—Ä—ã–º —É–Ω–∏—á—Ç–æ–∂–∞–ª —Å–æ–ø–µ—Ä–Ω–∏–∫–æ–≤ –∫–∞—Ä—å–µ—Ä—É –Ω–µ–≤–µ—Ä–æ—è—Ç–µ–Ω —Å–∫–∞—á–∞–π—Ç–µ –ø—Ä–∏–ª–æ–∂–µ–Ω–∏–µ sport –°–ø–æ—Ä—Ç—Å –Ω–∞ –ï–≤—Ä–æ-2024
"üò≤ 38-–ª–µ—Ç–Ω–∏–π –£—ç–π–Ω –†—É–Ω–∏ —Ä–∞–±–æ—Ç–∞–µ—Ç —ç–∫—Å–ø–µ—Ä—Ç–æ–º BBC –Ω–∞ –ï–≤—Ä–æ, –≥–¥–µ –∏–≥—Ä–∞—é—Ç 39-–ª–µ—Ç–Ω–∏–π –†–æ–Ω–∞–ª–¥—É –∏ 41-–ª–µ—Ç–Ω–∏–π –ü–µ–ø–µ ","üò≤ 38-–ª–µ—Ç–Ω–∏–π –£—ç–π–Ω –†—É–Ω–∏ —Ä–∞–±–æ—Ç–∞–µ—Ç —ç–∫—Å–ø–µ—Ä—Ç–æ–º BBC –Ω–∞ –ï–≤—Ä–æ, –≥–¥–µ –∏–≥—Ä–∞—é—Ç 39-–ª–µ—Ç–Ω–∏–π –†–æ–Ω–∞–ª–¥—É –∏ 41-–ª–µ—Ç–Ω–∏–π –ü–µ–ø–µ 

üòé ‚Äì –∂–∏–≤–µ—Ç —Å–≤–æ—é –ª—É—á—à—É—é –∂–∏–∑–Ω—å 

‚ù§Ô∏è –ü–æ–¥–ø–∏—Å—ã–≤–∞–π—Ç–µ—Å—å –Ω–∞ Sports",2024-06-27T13:06:05+00:00,–°–ø–æ—Ä—Ç—Å –Ω–∞ –ï–≤—Ä–æ-2024,https://t.me/sportsru/102137,—Å–ø–æ—Ä—Ç,<NUM>–ª–µ—Ç–Ω–∏–π —É—ç–π–Ω —Ä—É–Ω–∏ —Ä–∞–±–æ—Ç–∞–µ—Ç —ç–∫—Å–ø–µ—Ä—Ç–æ–º bbc –µ–≤—Ä–æ –∏–≥—Ä–∞—é—Ç <NUM>–ª–µ—Ç–Ω–∏–π —Ä–æ–Ω–∞–ª–¥—É <NUM>–ª–µ—Ç–Ω–∏–π –ø–µ–ø–µ –∂–∏–≤–µ—Ç –ª—É—á—à—É—é –∂–∏–∑–Ω—å –ø–æ–¥–ø–∏—Å—ã–≤–∞–π—Ç–µ—Å—å sport,<NUM>–ª–µ—Ç–Ω–∏–π —É—ç–π–Ω —Ä—É–Ω–∏ —Ä–∞–±–æ—Ç–∞–µ—Ç —ç–∫—Å–ø–µ—Ä—Ç–æ–º bbc –µ–≤—Ä–æ –∏–≥—Ä–∞—é—Ç <NUM>–ª–µ—Ç–Ω–∏–π —Ä–æ–Ω–∞–ª–¥—É <NUM>–ª–µ—Ç–Ω–∏–π –ø–µ–ø–µ –∂–∏–≤–µ—Ç –ª—É—á—à—É—é –∂–∏–∑–Ω—å –ø–æ–¥–ø–∏—Å—ã–≤–∞–π—Ç–µ—Å—å sport –°–ø–æ—Ä—Ç—Å –Ω–∞ –ï–≤—Ä–æ-2024
üíîü§ñ –£ –†–æ–Ω–∞–ª–¥—É –≤–ø–µ—Ä–≤—ã–µ –≤ –∫–∞—Ä—å–µ—Ä–µ –Ω–µ—Ç –≥–æ–ª–æ–≤ –Ω–∞ –≥—Ä—É–ø–ø–æ–≤–æ–º —ç—Ç–∞–ø–µ –ï–≤—Ä–æ –∏–ª–∏ –ß–ú. –ö—Ä–∏—à—Ç–∏–∞–Ω—É –∑–∞–±–∏–≤–∞–ª –Ω–∞ 10 —Ç—É—Ä–Ω–∏—Ä–∞—Ö –ø–æ–¥—Ä—è–¥,"üíîü§ñ –£ –†–æ–Ω–∞–ª–¥—É –≤–ø–µ—Ä–≤—ã–µ –≤ –∫–∞—Ä—å–µ—Ä–µ –Ω–µ—Ç –≥–æ–ª–æ–≤ –Ω–∞ –≥—Ä—É–ø–ø–æ–≤–æ–º —ç—Ç–∞–ø–µ –ï–≤—Ä–æ –∏–ª–∏ –ß–ú. –ö—Ä–∏—à—Ç–∏–∞–Ω—É –∑–∞–±–∏–≤–∞–ª –Ω–∞ 10 —Ç—É—Ä–Ω–∏—Ä–∞—Ö –ø–æ–¥—Ä—è–¥

–ó–∞–±—å–µ—Ç –≤ –ø–ª–µ–π-–æ—Ñ—Ñ? üëç / üëé

‚ù§Ô∏è –ë–µ–∑–¥–µ–ø–æ–∑–∏—Ç–Ω—ã–π —Ñ—Ä–∏–±–µ—Ç –¥–æ 15 000 ‚ÇΩ! –ù–æ–≤—ã–º –∫–ª–∏–µ–Ω—Ç–∞–º –æ—Ç FONBET",2024-06-27T12:05:14+00:00,–°–ø–æ—Ä—Ç—Å –Ω–∞ –ï–≤—Ä–æ-2024,https://t.me/sportsru/102136,—Å–ø–æ—Ä—Ç,—Ä–æ–Ω–∞–ª–¥—É –≤–ø–µ—Ä–≤—ã–µ –∫–∞—Ä—å–µ—Ä–µ –≥–æ–ª–æ–≤ –≥—Ä—É–ø–ø–æ–≤–æ–º —ç—Ç–∞–ø–µ –µ–≤—Ä–æ —á–º –∫—Ä–∏—à—Ç–∏–∞–Ω—É –∑–∞–±–∏–≤–∞–ª <NUM> —Ç—É—Ä–Ω–∏—Ä–∞—Ö –ø–æ–¥—Ä—è–¥ –∑–∞–±—å–µ—Ç –ø–ª–µ–π–æ—Ñ—Ñ –±–µ–∑–¥–µ–ø–æ–∑–∏—Ç–Ω—ã–π —Ñ—Ä–∏–±–µ—Ç <NUM> <NUM> –Ω–æ–≤—ã–º –∫–ª–∏–µ–Ω—Ç–∞–º fonbet,—Ä–æ–Ω–∞–ª–¥—É –≤–ø–µ—Ä–≤—ã–µ –∫–∞—Ä—å–µ—Ä–µ –≥–æ–ª–æ–≤ –≥—Ä—É–ø–ø–æ–≤–æ–º —ç—Ç–∞–ø–µ –µ–≤—Ä–æ —á–º –∫—Ä–∏—à—Ç–∏–∞–Ω—É –∑–∞–±–∏–≤–∞–ª <NUM> —Ç—É—Ä–Ω–∏—Ä–∞—Ö –ø–æ–¥—Ä—è–¥ –∑–∞–±—å–µ—Ç –ø–ª–µ–π–æ—Ñ—Ñ –±–µ–∑–¥–µ–ø–æ–∑–∏—Ç–Ω—ã–π —Ñ—Ä–∏–±–µ—Ç <NUM> <NUM> –Ω–æ–≤—ã–º –∫–ª–∏–µ–Ω—Ç–∞–º fonbet –°–ø–æ—Ä—Ç—Å –Ω–∞ –ï–≤—Ä–æ-2024
üá´üá∑üî• –ê—Ä—Å–µ–Ω –í–µ–Ω–≥–µ—Ä –ø—Ä–æ–Ω–µ—Å –æ–ª–∏–º–ø–∏–π—Å–∫–∏–π –æ–≥–æ–Ω—å –≤ —Ä–æ–¥–Ω–æ–º –°—Ç—Ä–∞—Å–±—É—Ä–≥–µ ‚Äì –¥–æ –ò–≥—Ä –æ—Å—Ç–∞–ª–æ—Å—å —á—É—Ç—å –º–µ–Ω—å—à–µ –º–µ—Å—è—Ü–∞,"üá´üá∑üî• –ê—Ä—Å–µ–Ω –í–µ–Ω–≥–µ—Ä –ø—Ä–æ–Ω–µ—Å –æ–ª–∏–º–ø–∏–π—Å–∫–∏–π –æ–≥–æ–Ω—å –≤ —Ä–æ–¥–Ω–æ–º –°—Ç—Ä–∞—Å–±—É—Ä–≥–µ ‚Äì –¥–æ –ò–≥—Ä –æ—Å—Ç–∞–ª–æ—Å—å —á—É—Ç—å –º–µ–Ω—å—à–µ –º–µ—Å—è—Ü–∞

‚ù§Ô∏è –ü–æ–¥–ø–∏—Å—ã–≤–∞–π—Ç–µ—Å—å –Ω–∞ Sports",2024-06-27T11:03:25+00:00,–°–ø–æ—Ä—Ç—Å –Ω–∞ –ï–≤—Ä–æ-2024,https://t.me/sportsru/102135,—Å–ø–æ—Ä—Ç,–∞—Ä—Å–µ–Ω –≤–µ–Ω–≥–µ—Ä –ø—Ä–æ–Ω–µ—Å –æ–ª–∏–º–ø–∏–π—Å–∫–∏–π –æ–≥–æ–Ω—å —Ä–æ–¥–Ω–æ–º —Å—Ç—Ä–∞—Å–±—É—Ä–≥–µ –∏–≥—Ä –æ—Å—Ç–∞–ª–æ—Å—å –º–µ–Ω—å—à–µ –º–µ—Å—è—Ü–∞ –ø–æ–¥–ø–∏—Å—ã–≤–∞–π—Ç–µ—Å—å sport,–∞—Ä—Å–µ–Ω –≤–µ–Ω–≥–µ—Ä –ø—Ä–æ–Ω–µ—Å –æ–ª–∏–º–ø–∏–π—Å–∫–∏–π –æ–≥–æ–Ω—å —Ä–æ–¥–Ω–æ–º —Å—Ç—Ä–∞—Å–±—É—Ä–≥–µ –∏–≥—Ä –æ—Å—Ç–∞–ª–æ—Å—å –º–µ–Ω—å—à–µ –º–µ—Å—è—Ü–∞ –ø–æ–¥–ø–∏—Å—ã–≤–∞–π—Ç–µ—Å—å sport –°–ø–æ—Ä—Ç—Å –Ω–∞ –ï–≤—Ä–æ-2024
¬´–î–∞–≤–∫–∞-82¬ª ‚Äî –¥–æ–∫—É–º–µ–Ω—Ç–∞–ª—å–Ω—ã–π —Å–µ—Ä–∏–∞–ª Sports –∏ PREMIER –æ —Ç—Ä–∞–≥–µ–¥–∏–∏ –≤ ¬´–õ—É–∂–Ω–∏–∫–∞—Ö¬ª,"¬´–î–∞–≤–∫–∞-82¬ª ‚Äî –¥–æ–∫—É–º–µ–Ω—Ç–∞–ª—å–Ω—ã–π —Å–µ—Ä–∏–∞–ª Sports –∏ PREMIER –æ —Ç—Ä–∞–≥–µ–¥–∏–∏ –≤ ¬´–õ—É–∂–Ω–∏–∫–∞—Ö¬ª

–í —ç—Ç–æ–º –ø—Ä–æ–µ–∫—Ç–µ –º—ã –ø–æ–≥–æ–≤–æ—Ä–∏–ª–∏ —Å –±–æ–ª–µ–ª—å—â–∏–∫–∞–º–∏ ¬´–°–ø–∞—Ä—Ç–∞–∫–∞¬ª, –∫–æ—Ç–æ—Ä—ã–µ –≤—ã–∂–∏–ª–∏ –≤ —Ç–æ—Ç —Å—Ç—Ä–∞—à–Ω—ã–π –≤–µ—á–µ—Ä 20 –æ–∫—Ç—è–±—Ä—è 1982 –≥–æ–¥–∞, —Å —ç–∫—Å–ø–µ—Ä—Ç–∞–º–∏ –∏ —Å–æ—Ç—Ä—É–¥–Ω–∏–∫–∞–º–∏ –æ—Ä–≥–∞–Ω–æ–≤ –ø—Ä–∞–≤–æ–ø–æ—Ä—è–¥–∫–∞. 

–í—Å–µ —Å–µ—Ä–∏–∏ –¥–æ—Å—Ç—É–ø–Ω—ã –≤ –æ–Ω–ª–∞–π–Ω-–∫–∏–Ω–æ—Ç–µ–∞—Ç—Ä–µ PREMIER. –í–≤–µ–¥–∏—Ç–µ –ø—Ä–æ–º–æ–∫–æ–¥ DAVKA82 –ø–æ –∫–ª–∏–∫—É –Ω–∞ –∏–∫–æ–Ω–∫—É ¬´–ø–æ–¥–∞—Ä–æ—á–∫–∞¬ª –∏ –ø–æ–ª—É—á–∏—Ç–µ —ç–∫—Å–∫–ª—é–∑–∏–≤–Ω—ã–π –¥–æ—Å—Ç—É–ø –∫ –∫–æ–Ω—Ç–µ–Ω—Ç—É. 

–°–º–æ—Ç—Ä–µ—Ç—å: https://sprts.cc/davka82 

–†–µ–∫–ª–∞–º–∞. –û–û–û ¬´–ü–†–ï–ú–¨–ï–†¬ª.16+",2024-06-27T10:45:31+00:00,–°–ø–æ—Ä—Ç—Å –Ω–∞ –ï–≤—Ä–æ-2024,https://t.me/sportsru/102134,—Å–ø–æ—Ä—Ç,–¥–∞–≤–∫–∞<NUM> –¥–æ–∫—É–º–µ–Ω—Ç–∞–ª—å–Ω—ã–π —Å–µ—Ä–∏–∞–ª sport premier —Ç—Ä–∞–≥–µ–¥–∏–∏ –ª—É–∂–Ω–∏–∫–∞—Ö –ø—Ä–æ–µ–∫—Ç–µ –ø–æ–≥–æ–≤–æ—Ä–∏–ª–∏ –±–æ–ª–µ–ª—å—â–∏–∫–∞–º–∏ —Å–ø–∞—Ä—Ç–∞–∫–∞ –∫–æ—Ç–æ—Ä—ã–µ –≤—ã–∂–∏–ª–∏ —Å—Ç—Ä–∞—à–Ω—ã–π –≤–µ—á–µ—Ä <NUM> –æ–∫—Ç—è–±—Ä—è <NUM> –≥–æ–¥–∞ —ç–∫—Å–ø–µ—Ä—Ç–∞–º–∏ —Å–æ—Ç—Ä—É–¥–Ω–∏–∫–∞–º–∏ –æ—Ä–≥–∞–Ω–æ–≤ –ø—Ä–∞–≤–æ–ø–æ—Ä—è–¥–∫–∞ —Å–µ—Ä–∏–∏ –¥–æ—Å—Ç—É–ø–Ω—ã –æ–Ω–ª–∞–π–Ω–∫–∏–Ω–æ—Ç–µ–∞—Ç—Ä–µ premier –≤–≤–µ–¥–∏—Ç–µ –ø—Ä–æ–º–æ–∫–æ–¥ davka<NUM> –∫–ª–∏–∫—É –∏–∫–æ–Ω–∫—É –ø–æ–¥–∞—Ä–æ—á–∫–∞ –ø–æ–ª—É—á–∏—Ç–µ —ç–∫—Å–∫–ª—é–∑–∏–≤–Ω—ã–π –¥–æ—Å—Ç—É–ø –∫–æ–Ω—Ç–µ–Ω—Ç—É —Å–º–æ—Ç—Ä–µ—Ç—å <URL> —Ä–µ–∫–ª–∞–º–∞ –æ–æ–æ –ø—Ä–µ–º—å–µ—Ä<NUM>,–¥–∞–≤–∫–∞<NUM> –¥–æ–∫—É–º–µ–Ω—Ç–∞–ª—å–Ω—ã–π —Å–µ—Ä–∏–∞–ª sport premier —Ç—Ä–∞–≥–µ–¥–∏–∏ –ª—É–∂–Ω–∏–∫–∞—Ö –ø—Ä–æ–µ–∫—Ç–µ –ø–æ–≥–æ–≤–æ—Ä–∏–ª–∏ –±–æ–ª–µ–ª—å—â–∏–∫–∞–º–∏ —Å–ø–∞—Ä—Ç–∞–∫–∞ –∫–æ—Ç–æ—Ä—ã–µ –≤—ã–∂–∏–ª–∏ —Å—Ç—Ä–∞—à–Ω—ã–π –≤–µ—á–µ—Ä <NUM> –æ–∫—Ç—è–±—Ä—è <NUM> –≥–æ–¥–∞ —ç–∫—Å–ø–µ—Ä—Ç–∞–º–∏ —Å–æ—Ç—Ä—É–¥–Ω–∏–∫–∞–º–∏ –æ—Ä–≥–∞–Ω–æ–≤ –ø—Ä–∞–≤–æ–ø–æ—Ä—è–¥–∫–∞ —Å–µ—Ä–∏–∏ –¥–æ—Å—Ç—É–ø–Ω—ã –æ–Ω–ª–∞–π–Ω–∫–∏–Ω–æ—Ç–µ–∞—Ç—Ä–µ premier –≤–≤–µ–¥–∏—Ç–µ –ø—Ä–æ–º–æ–∫–æ–¥ davka<NUM> –∫–ª–∏–∫—É –∏–∫–æ–Ω–∫—É –ø–æ–¥–∞—Ä–æ—á–∫–∞ –ø–æ–ª—É—á–∏—Ç–µ —ç–∫—Å–∫–ª—é–∑–∏–≤–Ω—ã–π –¥–æ—Å—Ç—É–ø –∫–æ–Ω—Ç–µ–Ω—Ç—É —Å–º–æ—Ç—Ä–µ—Ç—å <URL> —Ä–µ–∫–ª–∞–º–∞ –æ–æ–æ –ø—Ä–µ–º—å–µ—Ä<NUM> –°–ø–æ—Ä—Ç—Å –Ω–∞ –ï–≤—Ä–æ-2024
"üá¨üá™üáµüáπ –ö–æ–≥–¥–∞ –≤—Å–µ –∏–≥—Ä–æ–∫–∏ –ì—Ä—É–∑–∏–∏ –≤—ã–±–µ–∂–∞–ª–∏ –Ω–∞ –ø–æ–ª–µ, —á—Ç–æ–±—ã –æ—Ç–ø—Ä–∞–∑–¥–Ω–æ–≤–∞—Ç—å –ø–æ–±–µ–¥—É, –•–≤–∏—á–∞ –ø–æ–±–µ–∂–∞–ª –∫ –ö—Ä–∏—à—Ç–∏–∞–Ω—É ‚Äì –æ–Ω–∏ –æ–±–Ω—è–ª–∏—Å—å, –ø–µ—Ä–µ–∫–∏–Ω—É–ª–∏—Å—å –ø–∞—Ä–æ–π —Å–ª–æ–≤ –∏ –≤ –æ–±–Ω–∏–º–∫—É –ø—Ä–æ—à–ª–∏—Å—å –ø–æ –ø–æ–ª—é","üá¨üá™üáµüáπ –ö–æ–≥–¥–∞ –≤—Å–µ –∏–≥—Ä–æ–∫–∏ –ì—Ä—É–∑–∏–∏ –≤—ã–±–µ–∂–∞–ª–∏ –Ω–∞ –ø–æ–ª–µ, —á—Ç–æ–±—ã –æ—Ç–ø—Ä–∞–∑–¥–Ω–æ–≤–∞—Ç—å –ø–æ–±–µ–¥—É, –•–≤–∏—á–∞ –ø–æ–±–µ–∂–∞–ª –∫ –ö—Ä–∏—à—Ç–∏–∞–Ω—É ‚Äì –æ–Ω–∏ –æ–±–Ω—è–ª–∏—Å—å, –ø–µ—Ä–µ–∫–∏–Ω—É–ª–∏—Å—å –ø–∞—Ä–æ–π —Å–ª–æ–≤ –∏ –≤ –æ–±–Ω–∏–º–∫—É –ø—Ä–æ—à–ª–∏—Å—å –ø–æ –ø–æ–ª—é

‚Äì –û–Ω –≤–µ–ª–∏–∫–∏–π –∏–≥—Ä–æ–∫ –∏ –≤–µ–ª–∏–∫–∏–π —á–µ–ª–æ–≤–µ–∫. –Ø –Ω–µ –º–æ–≥ –ø—Ä–µ–¥—Å—Ç–∞–≤–∏—Ç—å, —á—Ç–æ –æ–Ω –ø–æ–¥–æ–π–¥–µ—Ç –∏ –∑–∞–≥–æ–≤–æ—Ä–∏—Ç —Å–æ –º–Ω–æ–π. –í–æ—Ç –ø–æ—á–µ–º—É –æ–Ω —Ç–∞–∫–∞—è –±–æ–ª—å—à–∞—è –ª–∏—á–Ω–æ—Å—Ç—å –≤ —Ñ—É—Ç–±–æ–ª–µ –∏ –∑–∞ –µ–≥–æ –ø—Ä–µ–¥–µ–ª–∞–º–∏

‚ù§Ô∏è –°–∫–∞—á–∞–π—Ç–µ –ø—Ä–∏–ª–æ–∂–µ–Ω–∏–µ Sports",2024-06-27T10:03:33+00:00,–°–ø–æ—Ä—Ç—Å –Ω–∞ –ï–≤—Ä–æ-2024,https://t.me/sportsru/102133,—Å–ø–æ—Ä—Ç,–∏–≥—Ä–æ–∫–∏ –≥—Ä—É–∑–∏–∏ –≤—ã–±–µ–∂–∞–ª–∏ –ø–æ–ª–µ –æ—Ç–ø—Ä–∞–∑–¥–Ω–æ–≤–∞—Ç—å –ø–æ–±–µ–¥—É —Ö–≤–∏—á–∞ –ø–æ–±–µ–∂–∞–ª –∫—Ä–∏—à—Ç–∏–∞–Ω—É –æ–±–Ω—è–ª–∏—Å—å –ø–µ—Ä–µ–∫–∏–Ω—É–ª–∏—Å—å –ø–∞—Ä–æ–π —Å–ª–æ–≤ –æ–±–Ω–∏–º–∫—É –ø—Ä–æ—à–ª–∏—Å—å –ø–æ–ª—é –≤–µ–ª–∏–∫–∏–π –∏–≥—Ä–æ–∫ –≤–µ–ª–∏–∫–∏–π —á–µ–ª–æ–≤–µ–∫ –º–æ–≥ –ø—Ä–µ–¥—Å—Ç–∞–≤–∏—Ç—å –ø–æ–¥–æ–π–¥–µ—Ç –∑–∞–≥–æ–≤–æ—Ä–∏—Ç –º–Ω–æ–π –ø–æ—á–µ–º—É —Ç–∞–∫–∞—è –±–æ–ª—å—à–∞—è –ª–∏—á–Ω–æ—Å—Ç—å —Ñ—É—Ç–±–æ–ª–µ –ø—Ä–µ–¥–µ–ª–∞–º–∏ —Å–∫–∞—á–∞–π—Ç–µ –ø—Ä–∏–ª–æ–∂–µ–Ω–∏–µ sport,–∏–≥—Ä–æ–∫–∏ –≥—Ä—É–∑–∏–∏ –≤—ã–±–µ–∂–∞–ª–∏ –ø–æ–ª–µ –æ—Ç–ø—Ä–∞–∑–¥–Ω–æ–≤–∞—Ç—å –ø–æ–±–µ–¥—É —Ö–≤–∏—á–∞ –ø–æ–±–µ–∂–∞–ª –∫—Ä–∏—à—Ç–∏–∞–Ω—É –æ–±–Ω—è–ª–∏—Å—å –ø–µ—Ä–µ–∫–∏–Ω—É–ª–∏—Å—å –ø–∞—Ä–æ–π —Å–ª–æ–≤ –æ–±–Ω–∏–º–∫—É –ø—Ä–æ—à–ª–∏—Å—å –ø–æ–ª—é –≤–µ–ª–∏–∫–∏–π –∏–≥—Ä–æ–∫ –≤–µ–ª–∏–∫–∏–π —á–µ–ª–æ–≤–µ–∫ –º–æ–≥ –ø—Ä–µ–¥—Å—Ç–∞–≤–∏—Ç—å –ø–æ–¥–æ–π–¥–µ—Ç –∑–∞–≥–æ–≤–æ—Ä–∏—Ç –º–Ω–æ–π –ø–æ—á–µ–º—É —Ç–∞–∫–∞—è –±–æ–ª—å—à–∞—è –ª–∏—á–Ω–æ—Å—Ç—å —Ñ—É—Ç–±–æ–ª–µ –ø—Ä–µ–¥–µ–ª–∞–º–∏ —Å–∫–∞—á–∞–π—Ç–µ –ø—Ä–∏–ª–æ–∂–µ–Ω–∏–µ sport –°–ø–æ—Ä—Ç—Å –Ω–∞ –ï–≤—Ä–æ-2024
üò≥ –§–∞–Ω–∞—Ç –ø—ã—Ç–∞–ª—Å—è –ø—Ä—ã–≥–Ω—É—Ç—å –Ω–∞ –†–æ–Ω–∞–ª–¥—É –¥–≤—É–º—è –Ω–æ–≥–∞–º–∏ –≤–ø–µ—Ä–µ–¥ –≤ –ø–µ—Ä–µ—Ä—ã–≤–µ –º–∞—Ç—á–∞ –ü–æ—Ä—Ç—É–≥–∞–ª–∏–∏ –∏ –ì—Ä—É–∑–∏–∏ ‚Äì –Ω–∞ –ø–æ–º–æ—â—å –≤–æ–≤—Ä–µ–º—è –ø—Ä–∏—à–µ–ª —Å—Ç—é–∞—Ä–¥,"üò≥ –§–∞–Ω–∞—Ç –ø—ã—Ç–∞–ª—Å—è –ø—Ä—ã–≥–Ω—É—Ç—å –Ω–∞ –†–æ–Ω–∞–ª–¥—É –¥–≤—É–º—è –Ω–æ–≥–∞–º–∏ –≤–ø–µ—Ä–µ–¥ –≤ –ø–µ—Ä–µ—Ä—ã–≤–µ –º–∞—Ç—á–∞ –ü–æ—Ä—Ç—É–≥–∞–ª–∏–∏ –∏ –ì—Ä—É–∑–∏–∏ ‚Äì –Ω–∞ –ø–æ–º–æ—â—å –≤–æ–≤—Ä–µ–º—è –ø—Ä–∏—à–µ–ª —Å—Ç—é–∞—Ä–¥

üî• Winline –µ–∂–µ–¥–Ω–µ–≤–Ω–æ —Ä–∞–∑–¥–∞–µ—Ç —Ñ—Ä–∏–±–µ—Ç—ã –≤—Å–µ–º –ø–æ–ª—å–∑–æ–≤–∞—Ç–µ–ª—è–º. –ó–∞—Ö–æ–¥–∏—Ç–µ –∏ –ø–æ–ª—É—á–∞–π—Ç–µ —Å–≤–æ–π!",2024-06-27T09:01:58+00:00,–°–ø–æ—Ä—Ç—Å –Ω–∞ –ï–≤—Ä–æ-2024,https://t.me/sportsru/102132,—Å–ø–æ—Ä—Ç,—Ñ–∞–Ω–∞—Ç –ø—ã—Ç–∞–ª—Å—è –ø—Ä—ã–≥–Ω—É—Ç—å —Ä–æ–Ω–∞–ª–¥—É –¥–≤—É–º—è –Ω–æ–≥–∞–º–∏ –≤–ø–µ—Ä–µ–¥ –ø–µ—Ä–µ—Ä—ã–≤–µ –º–∞—Ç—á–∞ –ø–æ—Ä—Ç—É–≥–∞–ª–∏–∏ –≥—Ä—É–∑–∏–∏ –ø–æ–º–æ—â—å –≤–æ–≤—Ä–µ–º—è –ø—Ä–∏—à–µ–ª —Å—Ç—é–∞—Ä–¥ winline –µ–∂–µ–¥–Ω–µ–≤–Ω–æ —Ä–∞–∑–¥–∞–µ—Ç —Ñ—Ä–∏–±–µ—Ç—ã –≤—Å–µ–º –ø–æ–ª—å–∑–æ–≤–∞—Ç–µ–ª—è–º –∑–∞—Ö–æ–¥–∏—Ç–µ –ø–æ–ª—É—á–∞–π—Ç–µ —Å–≤–æ–π,—Ñ–∞–Ω–∞—Ç –ø—ã—Ç–∞–ª—Å—è –ø—Ä—ã–≥–Ω—É—Ç—å —Ä–æ–Ω–∞–ª–¥—É –¥–≤—É–º—è –Ω–æ–≥–∞–º–∏ –≤–ø–µ—Ä–µ–¥ –ø–µ—Ä–µ—Ä—ã–≤–µ –º–∞—Ç—á–∞ –ø–æ—Ä—Ç—É–≥–∞–ª–∏–∏ –≥—Ä—É–∑–∏–∏ –ø–æ–º–æ—â—å –≤–æ–≤—Ä–µ–º—è –ø—Ä–∏—à–µ–ª —Å—Ç—é–∞—Ä–¥ winline –µ–∂–µ–¥–Ω–µ–≤–Ω–æ —Ä–∞–∑–¥–∞–µ—Ç —Ñ—Ä–∏–±–µ—Ç—ã –≤—Å–µ–º –ø–æ–ª—å–∑–æ–≤–∞—Ç–µ–ª—è–º –∑–∞—Ö–æ–¥–∏—Ç–µ –ø–æ–ª—É—á–∞–π—Ç–µ —Å–≤–æ–π –°–ø–æ—Ä—Ç—Å –Ω–∞ –ï–≤—Ä–æ-2024
–ó–∞–≤–µ—Ä—à–∏–ª—Å—è –≥—Ä—É–ø–ø–æ–≤–æ–π —ç—Ç–∞–ø –ï–≤—Ä–æ-2024! –í–º–µ—Å—Ç–µ —Å RUTUBE –º—ã —Å–¥–µ–ª–∞–ª–∏ –ø–æ–¥–±–æ—Ä–∫—É —Å–∞–º—ã—Ö –∑–∞–ø–æ–º–∏–Ω–∞—é—â–∏—Ö—Å—è –º–∞—Ç—á–µ–π –ø–µ—Ä–≤–æ–π –ø–æ–ª–æ–≤–∏–Ω—ã –ï–≤—Ä–æ ‚Äì —Å–º–æ—Ç—Ä–∏—Ç–µ –∏ –∑–∞—Ä—è–∂–∞–π—Ç–µ—Å—å –ø–µ—Ä–µ–¥ —Å—Ç–∞—Ä—Ç–æ–º –∏–≥—Ä –Ω–∞ –≤—ã–ª–µ—Ç!,"–ó–∞–≤–µ—Ä—à–∏–ª—Å—è –≥—Ä—É–ø–ø–æ–≤–æ–π —ç—Ç–∞–ø –ï–≤—Ä–æ-2024! –í–º–µ—Å—Ç–µ —Å RUTUBE –º—ã —Å–¥–µ–ª–∞–ª–∏ –ø–æ–¥–±–æ—Ä–∫—É —Å–∞–º—ã—Ö –∑–∞–ø–æ–º–∏–Ω–∞—é—â–∏—Ö—Å—è –º–∞—Ç—á–µ–π –ø–µ—Ä–≤–æ–π –ø–æ–ª–æ–≤–∏–Ω—ã –ï–≤—Ä–æ ‚Äì —Å–º–æ—Ç—Ä–∏—Ç–µ –∏ –∑–∞—Ä—è–∂–∞–π—Ç–µ—Å—å –ø–µ—Ä–µ–¥ —Å—Ç–∞—Ä—Ç–æ–º –∏–≥—Ä –Ω–∞ –≤—ã–ª–µ—Ç!

–¢—É—Ä—Ü–∏—è - –ì—Ä—É–∑–∏—è
–ò—Å–ø–∞–Ω–∏—è - –•–æ—Ä–≤–∞—Ç–∏—è
–•–æ—Ä–≤–∞—Ç–∏—è - –ê–ª–±–∞–Ω–∏—è
–ù–∏–¥–µ—Ä–ª–∞–Ω–¥—ã - –ê–≤—Å—Ç—Ä–∏—è
–ì—Ä—É–∑–∏—è - –ü–æ—Ä—Ç—É–≥–∞–ª–∏—è
–ì–µ—Ä–º–∞–Ω–∏—è - –®–æ—Ç–ª–∞–Ω–¥–∏—è

–†–µ–∫–ª–∞–º–∞. –û–û–û ""–†—É—Ñ–æ—Ä–º"". Erid: 2SDnjd2WDYv",2024-06-27T08:45:29+00:00,–°–ø–æ—Ä—Ç—Å –Ω–∞ –ï–≤—Ä–æ-2024,https://t.me/sportsru/102131,—Å–ø–æ—Ä—Ç,–∑–∞–≤–µ—Ä—à–∏–ª—Å—è –≥—Ä—É–ø–ø–æ–≤–æ–π —ç—Ç–∞–ø –µ–≤—Ä–æ<NUM> –≤–º–µ—Å—Ç–µ rutube —Å–¥–µ–ª–∞–ª–∏ –ø–æ–¥–±–æ—Ä–∫—É —Å–∞–º—ã—Ö –∑–∞–ø–æ–º–∏–Ω–∞—é—â–∏—Ö—Å—è –º–∞—Ç—á–µ–π –ø–µ—Ä–≤–æ–π –ø–æ–ª–æ–≤–∏–Ω—ã –µ–≤—Ä–æ —Å–º–æ—Ç—Ä–∏—Ç–µ –∑–∞—Ä—è–∂–∞–π—Ç–µ—Å—å —Å—Ç–∞—Ä—Ç–æ–º –∏–≥—Ä –≤—ã–ª–µ—Ç —Ç—É—Ä—Ü–∏—è –≥—Ä—É–∑–∏—è –∏—Å–ø–∞–Ω–∏—è —Ö–æ—Ä–≤–∞—Ç–∏—è —Ö–æ—Ä–≤–∞—Ç–∏—è –∞–ª–±–∞–Ω–∏—è –Ω–∏–¥–µ—Ä–ª–∞–Ω–¥—ã –∞–≤—Å—Ç—Ä–∏—è –≥—Ä—É–∑–∏—è –ø–æ—Ä—Ç—É–≥–∞–ª–∏—è –≥–µ—Ä–º–∞–Ω–∏—è —à–æ—Ç–ª–∞–Ω–¥–∏—è —Ä–µ–∫–ª–∞–º–∞ –æ–æ–æ —Ä—É—Ñ–æ—Ä–º erid <NUM>sdnjd<NUM>wdyv,–∑–∞–≤–µ—Ä—à–∏–ª—Å—è –≥—Ä—É–ø–ø–æ–≤–æ–π —ç—Ç–∞–ø –µ–≤—Ä–æ<NUM> –≤–º–µ—Å—Ç–µ rutube —Å–¥–µ–ª–∞–ª–∏ –ø–æ–¥–±–æ—Ä–∫—É —Å–∞–º—ã—Ö –∑–∞–ø–æ–º–∏–Ω–∞—é—â–∏—Ö—Å—è –º–∞—Ç—á–µ–π –ø–µ—Ä–≤–æ–π –ø–æ–ª–æ–≤–∏–Ω—ã –µ–≤—Ä–æ —Å–º–æ—Ç—Ä–∏—Ç–µ –∑–∞—Ä—è–∂–∞–π—Ç–µ—Å—å —Å—Ç–∞—Ä—Ç–æ–º –∏–≥—Ä –≤—ã–ª–µ—Ç —Ç—É—Ä—Ü–∏—è –≥—Ä—É–∑–∏—è –∏—Å–ø–∞–Ω–∏—è —Ö–æ—Ä–≤–∞—Ç–∏—è —Ö–æ—Ä–≤–∞—Ç–∏—è –∞–ª–±–∞–Ω–∏—è –Ω–∏–¥–µ—Ä–ª–∞–Ω–¥—ã –∞–≤—Å—Ç—Ä–∏—è –≥—Ä—É–∑–∏—è –ø–æ—Ä—Ç—É–≥–∞–ª–∏—è –≥–µ—Ä–º–∞–Ω–∏—è —à–æ—Ç–ª–∞–Ω–¥–∏—è —Ä–µ–∫–ª–∞–º–∞ –æ–æ–æ —Ä—É—Ñ–æ—Ä–º erid <NUM>sdnjd<NUM>wdyv –°–ø–æ—Ä—Ç—Å –Ω–∞ –ï–≤—Ä–æ-2024
"üéº –ú–æ–¥—Ä–∏—á–∞ –ø–æ –≤–æ–∑–≤—Ä–∞—â–µ–Ω–∏–∏ –≤ –•–æ—Ä–≤–∞—Ç–∏—é —Å–ø—Ä–æ—Å–∏–ª–∏, —á—É–≤—Å—Ç–≤—É–µ—Ç –ª–∏ –æ–Ω —Å–µ–±—è –ª—É—á—à–µ: ","üéº –ú–æ–¥—Ä–∏—á–∞ –ø–æ –≤–æ–∑–≤—Ä–∞—â–µ–Ω–∏–∏ –≤ –•–æ—Ä–≤–∞—Ç–∏—é —Å–ø—Ä–æ—Å–∏–ª–∏, —á—É–≤—Å—Ç–≤—É–µ—Ç –ª–∏ –æ–Ω —Å–µ–±—è –ª—É—á—à–µ: 

‚Äì –ù–µ—Ç, –Ω–µ –æ—Å–æ–±–æ 

‚ù§Ô∏è –ü–æ–¥–ø–∏—Å—ã–≤–∞–π—Ç–µ—Å—å –Ω–∞ Sports",2024-06-27T08:00:29+00:00,–°–ø–æ—Ä—Ç—Å –Ω–∞ –ï–≤—Ä–æ-2024,https://t.me/sportsru/102130,—Å–ø–æ—Ä—Ç,–º–æ–¥—Ä–∏—á–∞ –≤–æ–∑–≤—Ä–∞—â–µ–Ω–∏–∏ —Ö–æ—Ä–≤–∞—Ç–∏—é —Å–ø—Ä–æ—Å–∏–ª–∏ —á—É–≤—Å—Ç–≤—É–µ—Ç –æ—Å–æ–±–æ –ø–æ–¥–ø–∏—Å—ã–≤–∞–π—Ç–µ—Å—å sport,–º–æ–¥—Ä–∏—á–∞ –≤–æ–∑–≤—Ä–∞—â–µ–Ω–∏–∏ —Ö–æ—Ä–≤–∞—Ç–∏—é —Å–ø—Ä–æ—Å–∏–ª–∏ —á—É–≤—Å—Ç–≤—É–µ—Ç –æ—Å–æ–±–æ –ø–æ–¥–ø–∏—Å—ã–≤–∞–π—Ç–µ—Å—å sport –°–ø–æ—Ä—Ç—Å –Ω–∞ –ï–≤—Ä–æ-2024
–ü–æ–¥–≤–æ–¥–∏–º –∏—Ç–æ–≥–∏ –≤—á–µ—Ä–∞—à–Ω–µ–≥–æ –∏–≥—Ä–æ–≤–æ–≥–æ –¥–Ω—è ‚Äì –≤–º–µ—Å—Ç–µ —Å —à–æ—É ¬´–§—É—Ç–±–æ–ª—å–Ω—ã–π –∫–ª—É–±¬ª: https://sprts.cc/k2g5ce,–ü–æ–¥–≤–æ–¥–∏–º –∏—Ç–æ–≥–∏ –≤—á–µ—Ä–∞—à–Ω–µ–≥–æ –∏–≥—Ä–æ–≤–æ–≥–æ –¥–Ω—è ‚Äì –≤–º–µ—Å—Ç–µ —Å —à–æ—É ¬´–§—É—Ç–±–æ–ª—å–Ω—ã–π –∫–ª—É–±¬ª: https://sprts.cc/k2g5ce,2024-06-27T07:45:06+00:00,–°–ø–æ—Ä—Ç—Å –Ω–∞ –ï–≤—Ä–æ-2024,https://t.me/sportsru/102129,—Å–ø–æ—Ä—Ç,–ø–æ–¥–≤–æ–¥–∏–º –∏—Ç–æ–≥–∏ –≤—á–µ—Ä–∞—à–Ω–µ–≥–æ –∏–≥—Ä–æ–≤–æ–≥–æ –¥–Ω—è –≤–º–µ—Å—Ç–µ —à–æ—É —Ñ—É—Ç–±–æ–ª—å–Ω—ã–π –∫–ª—É–± <URL>,–ø–æ–¥–≤–æ–¥–∏–º –∏—Ç–æ–≥–∏ –≤—á–µ—Ä–∞—à–Ω–µ–≥–æ –∏–≥—Ä–æ–≤–æ–≥–æ –¥–Ω—è –≤–º–µ—Å—Ç–µ —à–æ—É —Ñ—É—Ç–±–æ–ª—å–Ω—ã–π –∫–ª—É–± <URL> –°–ø–æ—Ä—Ç—Å –Ω–∞ –ï–≤—Ä–æ-2024
–õ–µ–±—Ä–æ–Ω –î–∂–µ–π–º—Å –±—É–¥–µ—Ç –∏–≥—Ä–∞—Ç—å –≤–º–µ—Å—Ç–µ —Å —Å—ã–Ω–æ–º. ¬´–õ–µ–π–∫–µ—Ä—Å¬ª –≤—ã–±—Ä–∞–ª–∏ –ë—Ä–æ–Ω–Ω–∏ –Ω–∞ –¥—Ä–∞—Ñ—Ç–µ üî•,"–õ–µ–±—Ä–æ–Ω –î–∂–µ–π–º—Å –±—É–¥–µ—Ç –∏–≥—Ä–∞—Ç—å –≤–º–µ—Å—Ç–µ —Å —Å—ã–Ω–æ–º. ¬´–õ–µ–π–∫–µ—Ä—Å¬ª –≤—ã–±—Ä–∞–ª–∏ –ë—Ä–æ–Ω–Ω–∏ –Ω–∞ –¥—Ä–∞—Ñ—Ç–µ üî•

–ù–∞—Å–ª–µ–¥–Ω–∏–∫–∞ –∫–æ—Ä–æ–ª—è –≤–∑—è–ª–∏ –≤–æ –≤—Ç–æ—Ä–æ–º —Ä–∞—É–Ω–¥–µ –ø–æ–¥ 55-–º –ø–∏–∫–æ–º. –í—Å–µ –∑–Ω–∞–ª–∏, —á—Ç–æ –æ–∑–µ—Ä–Ω–∏–∫–∏ –Ω–µ –ø—Ä–æ–π–¥—É—Ç –º–∏–º–æ.

–ì–æ–¥ –Ω–∞–∑–∞–¥ –≤–æ –≤—Ä–µ–º—è —Ç—Ä–µ–Ω–∏—Ä–æ–≤–∫–∏ —É –ø–∞—Ä–Ω—è –æ—Å—Ç–∞–Ω–æ–≤–∏–ª–æ—Å—å —Å–µ—Ä–¥—Ü–µ. –ù–æ, –≤–∏–¥–∏–º–æ, –Ω–∏—á–µ–≥–æ —Å–µ—Ä—å–µ–∑–Ω–æ–≥–æ: –∏–Ω–∞—á–µ –¥–æ –≤—ã—Å—Ç—É–ø–ª–µ–Ω–∏—è –≤ –ù–ë–ê –µ–≥–æ –±—ã –ø—Ä–æ—Å—Ç–æ –Ω–µ –¥–æ–ø—É—Å—Ç–∏–ª–∏.

–í –ø–æ—Å–ª–µ–¥–Ω–µ–µ –≤—Ä–µ–º—è –î–∂–µ–π–º—Å —á–∞—Å—Ç–æ —Ç–≤–µ—Ä–¥–∏–ª: –æ–∫–∞–∑–∞—Ç—å—Å—è –≤ –æ–¥–Ω–æ–π –∫–æ–º–∞–Ω–¥–µ —Å –ë—Ä–æ–Ω–Ω–∏ ‚Äì –µ–≥–æ –≥–ª–∞–≤–Ω–∞—è –º–µ—á—Ç–∞. –ò –≤–æ—Ç –æ–Ω–∞ –æ—Å—É—â–µ—Å—Ç–≤–∏–ª–∞—Å—å.

@Match_TV

üì∑ Harry How/Getty Images",2024-06-28T06:55:36+00:00,–ú–∞—Ç—á –¢–í,https://t.me/Match_TV/93072,—Å–ø–æ—Ä—Ç,–ª–µ–±—Ä–æ–Ω –¥–∂–µ–π–º—Å –∏–≥—Ä–∞—Ç—å –≤–º–µ—Å—Ç–µ —Å—ã–Ω–æ–º –ª–µ–π–∫–µ—Ä—Å –≤—ã–±—Ä–∞–ª–∏ –±—Ä–æ–Ω–Ω–∏ –¥—Ä–∞—Ñ—Ç–µ –Ω–∞—Å–ª–µ–¥–Ω–∏–∫–∞ –∫–æ—Ä–æ–ª—è –≤–∑—è–ª–∏ –≤—Ç–æ—Ä–æ–º —Ä–∞—É–Ω–¥–µ <NUM>–º –ø–∏–∫–æ–º –∑–Ω–∞–ª–∏ –æ–∑–µ—Ä–Ω–∏–∫–∏ –ø—Ä–æ–π–¥—É—Ç –º–∏–º–æ –≥–æ–¥ –Ω–∞–∑–∞–¥ –≤—Ä–µ–º—è —Ç—Ä–µ–Ω–∏—Ä–æ–≤–∫–∏ –ø–∞—Ä–Ω—è –æ—Å—Ç–∞–Ω–æ–≤–∏–ª–æ—Å—å —Å–µ—Ä–¥—Ü–µ –≤–∏–¥–∏–º–æ —Å–µ—Ä—å–µ–∑–Ω–æ–≥–æ –∏–Ω–∞—á–µ –≤—ã—Å—Ç—É–ø–ª–µ–Ω–∏—è –Ω–±–∞ –ø—Ä–æ—Å—Ç–æ –¥–æ–ø—É—Å—Ç–∏–ª–∏ –ø–æ—Å–ª–µ–¥–Ω–µ–µ –≤—Ä–µ–º—è –¥–∂–µ–π–º—Å —á–∞—Å—Ç–æ —Ç–≤–µ—Ä–¥–∏–ª –æ–∫–∞–∑–∞—Ç—å—Å—è –æ–¥–Ω–æ–π –∫–æ–º–∞–Ω–¥–µ –±—Ä–æ–Ω–Ω–∏ –≥–ª–∞–≤–Ω–∞—è –º–µ—á—Ç–∞ –æ—Å—É—â–µ—Å—Ç–≤–∏–ª–∞—Å—å matchtv harry howgetty image,–ª–µ–±—Ä–æ–Ω –¥–∂–µ–π–º—Å –∏–≥—Ä–∞—Ç—å –≤–º–µ—Å—Ç–µ —Å—ã–Ω–æ–º –ª–µ–π–∫–µ—Ä—Å –≤—ã–±—Ä–∞–ª–∏ –±—Ä–æ–Ω–Ω–∏ –¥—Ä–∞—Ñ—Ç–µ –Ω–∞—Å–ª–µ–¥–Ω–∏–∫–∞ –∫–æ—Ä–æ–ª—è –≤–∑—è–ª–∏ –≤—Ç–æ—Ä–æ–º —Ä–∞—É–Ω–¥–µ <NUM>–º –ø–∏–∫–æ–º –∑–Ω–∞–ª–∏ –æ–∑–µ—Ä–Ω–∏–∫–∏ –ø—Ä–æ–π–¥—É—Ç –º–∏–º–æ –≥–æ–¥ –Ω–∞–∑–∞–¥ –≤—Ä–µ–º—è —Ç—Ä–µ–Ω–∏—Ä–æ–≤–∫–∏ –ø–∞—Ä–Ω—è –æ—Å—Ç–∞–Ω–æ–≤–∏–ª–æ—Å—å —Å–µ—Ä–¥—Ü–µ –≤–∏–¥–∏–º–æ —Å–µ—Ä—å–µ–∑–Ω–æ–≥–æ –∏–Ω–∞—á–µ –≤—ã—Å—Ç—É–ø–ª–µ–Ω–∏—è –Ω–±–∞ –ø—Ä–æ—Å—Ç–æ –¥–æ–ø—É—Å—Ç–∏–ª–∏ –ø–æ—Å–ª–µ–¥–Ω–µ–µ –≤—Ä–µ–º—è –¥–∂–µ–π–º—Å —á–∞—Å—Ç–æ —Ç–≤–µ—Ä–¥–∏–ª –æ–∫–∞–∑–∞—Ç—å—Å—è –æ–¥–Ω–æ–π –∫–æ–º–∞–Ω–¥–µ –±—Ä–æ–Ω–Ω–∏ –≥–ª–∞–≤–Ω–∞—è –º–µ—á—Ç–∞ –æ—Å—É—â–µ—Å—Ç–≤–∏–ª–∞—Å—å matchtv harry howgetty image –ú–∞—Ç—á –¢–í
28 –∏—é–Ω—è. –¢–µ–ª–µ–ø—Ä–æ–≥—Ä–∞–º–º–∞ –ú–∞—Ç—á –¢–í,"28 –∏—é–Ω—è. –¢–µ–ª–µ–ø—Ä–æ–≥—Ä–∞–º–º–∞ –ú–∞—Ç—á –¢–í

09:20 ¬´–ù–µ–±–µ—Å–Ω–∞—è –≥—Ä–∞—Ü–∏—è¬ª
09:40 –§—É—Ç–±–æ–ª. –ï–≤—Ä–æ-2024. –ì–µ—Ä–º–∞–Ω–∏—è ‚Äì –®–æ—Ç–ª–∞–Ω–¥–∏—è
11:45 –§—É—Ç–±–æ–ª. –ï–≤—Ä–æ-2024. –ù–∏–¥–µ—Ä–ª–∞–Ω–¥—ã ‚Äì –ê–≤—Å—Ç—Ä–∏—è
13:50 ¬´–¶–µ–Ω—Ç—Ä–∞–ª—å–Ω—ã–π –∫—Ä—É–≥¬ª. –ü—Ä—è–º–æ–π —ç—Ñ–∏—Ä
14:50 –ù–æ–≤–æ—Å—Ç–∏
14:55 –í—Å–µ –Ω–∞ –ú–∞—Ç—á! –ü—Ä—è–º–æ–π —ç—Ñ–∏—Ä
15:30 –ú–ú–ê. One FC. –ü—Ä–∞–¥–∂–∞–Ω—á–∞–π –ü–ö –°–∞–µ–Ω—á–∞–π ‚Äì –î–∂–æ–Ω–∞—Ç–∞–Ω –î–∏–ë–µ–ª–ª–∞. –ü—Ä—è–º–∞—è —Ç—Ä–∞–Ω—Å–ª—è—Ü–∏—è
19:30 –í—Å–µ –Ω–∞ –ú–∞—Ç—á! –ü—Ä—è–º–æ–π —ç—Ñ–∏—Ä
20:55 –ù–æ–≤–æ—Å—Ç–∏
21:00 –ú–ú–ê. –ê–°–ê. –ê–ª–∏ –ë–∞–≥–æ–≤ ‚Äì –î–∞—É–¥ –®–∞–π—Ö–∞–µ–≤. –ü—Ä—è–º–∞—è —Ç—Ä–∞–Ω—Å–ª—è—Ü–∏—è
23:45 –í—Å–µ –Ω–∞ –ú–∞—Ç—á! –ü—Ä—è–º–æ–π —ç—Ñ–∏—Ä
00:45 ¬´–û–¥–∏–Ω –¥–µ–Ω—å –Ω–∞ –ï–≤—Ä–æ¬ª
01:10 ¬´–§–æ—Ä–º—É–ª–∞-1. –ì–∞—Å–Ω—É—Ç –æ–≥–Ω–∏¬ª
01:40 ¬´–ë–æ–∫–∞ –•—É–Ω–∏–æ—Ä—Å¬ª. –î–æ–∫—É–º–µ–Ω—Ç–∞–ª—å–Ω—ã–π —Ñ–∏–ª—å–º
03:45 –ù–æ–≤–æ—Å—Ç–∏

–°–º–æ—Ç—Ä–∏ –ø—Ä—è–º–æ–π —ç—Ñ–∏—Ä –∑–¥–µ—Å—å",2024-06-28T06:13:50+00:00,–ú–∞—Ç—á –¢–í,https://t.me/Match_TV/93071,—Å–ø–æ—Ä—Ç,<NUM> –∏—é–Ω—è —Ç–µ–ª–µ–ø—Ä–æ–≥—Ä–∞–º–º–∞ –º–∞—Ç—á —Ç–≤ <NUM> –Ω–µ–±–µ—Å–Ω–∞—è –≥—Ä–∞—Ü–∏—è <NUM> —Ñ—É—Ç–±–æ–ª –µ–≤—Ä–æ<NUM> –≥–µ—Ä–º–∞–Ω–∏—è —à–æ—Ç–ª–∞–Ω–¥–∏—è <NUM> —Ñ—É—Ç–±–æ–ª –µ–≤—Ä–æ<NUM> –Ω–∏–¥–µ—Ä–ª–∞–Ω–¥—ã –∞–≤—Å—Ç—Ä–∏—è <NUM> —Ü–µ–Ω—Ç—Ä–∞–ª—å–Ω—ã–π –∫—Ä—É–≥ –ø—Ä—è–º–æ–π —ç—Ñ–∏—Ä <NUM> –Ω–æ–≤–æ—Å—Ç–∏ <NUM> –º–∞—Ç—á –ø—Ä—è–º–æ–π —ç—Ñ–∏—Ä <NUM> –º–º–∞ one fc –ø—Ä–∞–¥–∂–∞–Ω—á–∞–π –ø–∫ —Å–∞–µ–Ω—á–∞–π –¥–∂–æ–Ω–∞—Ç–∞–Ω –¥–∏–±–µ–ª–ª–∞ –ø—Ä—è–º–∞—è —Ç—Ä–∞–Ω—Å–ª—è—Ü–∏—è <NUM> –º–∞—Ç—á –ø—Ä—è–º–æ–π —ç—Ñ–∏—Ä <NUM> –Ω–æ–≤–æ—Å—Ç–∏ <NUM> –º–º–∞ –∞—Å–∞ –∞–ª–∏ –±–∞–≥–æ–≤ –¥–∞—É–¥ —à–∞–π—Ö–∞–µ–≤ –ø—Ä—è–º–∞—è —Ç—Ä–∞–Ω—Å–ª—è—Ü–∏—è <NUM> –º–∞—Ç—á –ø—Ä—è–º–æ–π —ç—Ñ–∏—Ä <NUM> –¥–µ–Ω—å –µ–≤—Ä–æ <NUM> —Ñ–æ—Ä–º—É–ª–∞<NUM> –≥–∞—Å–Ω—É—Ç –æ–≥–Ω–∏ <NUM> –±–æ–∫–∞ —Ö—É–Ω–∏–æ—Ä—Å –¥–æ–∫—É–º–µ–Ω—Ç–∞–ª—å–Ω—ã–π —Ñ–∏–ª—å–º <NUM> –Ω–æ–≤–æ—Å—Ç–∏ —Å–º–æ—Ç—Ä–∏ –ø—Ä—è–º–æ–π —ç—Ñ–∏—Ä,<NUM> –∏—é–Ω—è —Ç–µ–ª–µ–ø—Ä–æ–≥—Ä–∞–º–º–∞ –º–∞—Ç—á —Ç–≤ <NUM> –Ω–µ–±–µ—Å–Ω–∞—è –≥—Ä–∞—Ü–∏—è <NUM> —Ñ—É—Ç–±–æ–ª –µ–≤—Ä–æ<NUM> –≥–µ—Ä–º–∞–Ω–∏—è —à–æ—Ç–ª–∞–Ω–¥–∏—è <NUM> —Ñ—É—Ç–±–æ–ª –µ–≤—Ä–æ<NUM> –Ω–∏–¥–µ—Ä–ª–∞–Ω–¥—ã –∞–≤—Å—Ç—Ä–∏—è <NUM> —Ü–µ–Ω—Ç—Ä–∞–ª—å–Ω—ã–π –∫—Ä—É–≥ –ø—Ä—è–º–æ–π —ç—Ñ–∏—Ä <NUM> –Ω–æ–≤–æ—Å—Ç–∏ <NUM> –º–∞—Ç—á –ø—Ä—è–º–æ–π —ç—Ñ–∏—Ä <NUM> –º–º–∞ one fc –ø—Ä–∞–¥–∂–∞–Ω—á–∞–π –ø–∫ —Å–∞–µ–Ω—á–∞–π –¥–∂–æ–Ω–∞—Ç–∞–Ω –¥–∏–±–µ–ª–ª–∞ –ø—Ä—è–º–∞—è —Ç—Ä–∞–Ω—Å–ª—è—Ü–∏—è <NUM> –º–∞—Ç—á –ø—Ä—è–º–æ–π —ç—Ñ–∏—Ä <NUM> –Ω–æ–≤–æ—Å—Ç–∏ <NUM> –º–º–∞ –∞—Å–∞ –∞–ª–∏ –±–∞–≥–æ–≤ –¥–∞—É–¥ —à–∞–π—Ö–∞–µ–≤ –ø—Ä—è–º–∞—è —Ç—Ä–∞–Ω—Å–ª—è—Ü–∏—è <NUM> –º–∞—Ç—á –ø—Ä—è–º–æ–π —ç—Ñ–∏—Ä <NUM> –¥–µ–Ω—å –µ–≤—Ä–æ <NUM> —Ñ–æ—Ä–º—É–ª–∞<NUM> –≥–∞—Å–Ω—É—Ç –æ–≥–Ω–∏ <NUM> –±–æ–∫–∞ —Ö—É–Ω–∏–æ—Ä—Å –¥–æ–∫—É–º–µ–Ω—Ç–∞–ª—å–Ω—ã–π —Ñ–∏–ª—å–º <NUM> –Ω–æ–≤–æ—Å—Ç–∏ —Å–º–æ—Ç—Ä–∏ –ø—Ä—è–º–æ–π —ç—Ñ–∏—Ä –ú–∞—Ç—á –¢–í
ü§Ø –ü–∞–Ω–∞–º–∞ –æ–±—ã–≥—Ä–∞–ª–∞ –°–®–ê –Ω–∞ –ö–æ–ø–µ. –ü–æ–ª—É—á–∏–ª—Å—è –¥–∏–∫–∏–π –º–∞—Ç—á,"ü§Ø –ü–∞–Ω–∞–º–∞ –æ–±—ã–≥—Ä–∞–ª–∞ –°–®–ê –Ω–∞ –ö–æ–ø–µ. –ü–æ–ª—É—á–∏–ª—Å—è –¥–∏–∫–∏–π –º–∞—Ç—á

–í —Å–∞–º–æ–º –Ω–∞—á–∞–ª–µ –í–µ–∞ –Ω–µ —Å–ø—Ä–∞–≤–∏–ª—Å—è —Å –Ω–µ—Ä–≤–∞–º–∏ –∏ –∑–∞—á–µ–º-—Ç–æ —Ç–æ–ª–∫–Ω—É–ª —Å–æ–ø–µ—Ä–Ω–∏–∫–∞. –°—Ö–ª–æ–ø–æ—Ç–∞–ª –ø—Ä—è–º—É—é –∫—Ä–∞—Å–Ω—É—é. –ü–∞–Ω–∞–º—Ü—ã –¥–æ–¥–∞–≤–∏–ª–∏ –≤ –∫–æ–Ω—Ü–æ–≤–∫–µ.

–¢–µ–ø–µ—Ä—å –≤—ã—Ö–æ–¥ –∞–º–µ—Ä–∏–∫–∞–Ω—Ü–µ–≤ –∏–∑ –≥—Ä—É–ø–ø—ã –ø–æ–¥ —É–≥—Ä–æ–∑–æ–π. –ê –≤ –ø–æ—Å–ª–µ–¥–Ω–µ–º —Ç—É—Ä–µ ‚Äì –≤—Å—Ç—Ä–µ—á–∞ —Å –ª–∏–¥–µ—Ä–æ–º. –û–Ω —Ç–æ–∂–µ –∏–≥—Ä–∞–ª —ç—Ç–æ–π –Ω–æ—á—å—é üëá

üá∫üáæüáßüá¥ –ú–æ—â–Ω—ã–π –£—Ä—É–≥–≤–∞–π —Å–º–µ—Ç–∞–µ—Ç –≤—Å—ë –Ω–∞ —Å–≤–æ–µ–º –ø—É—Ç–∏. –ë–æ–ª–∏–≤–∏—è —Ç–æ–∂–µ –Ω–µ —É—Å—Ç–æ—è–ª–∞. –ë–µ–∑ —à–∞–Ω—Å–æ–≤ ‚Äì 5:0

@Match_TV",2024-06-28T05:32:09+00:00,–ú–∞—Ç—á –¢–í,https://t.me/Match_TV/93070,—Å–ø–æ—Ä—Ç,–ø–∞–Ω–∞–º–∞ –æ–±—ã–≥—Ä–∞–ª–∞ —Å—à–∞ –∫–æ–ø–µ –ø–æ–ª—É—á–∏–ª—Å—è –¥–∏–∫–∏–π –º–∞—Ç—á —Å–∞–º–æ–º –Ω–∞—á–∞–ª–µ –≤–µ–∞ —Å–ø—Ä–∞–≤–∏–ª—Å—è –Ω–µ—Ä–≤–∞–º–∏ –∑–∞—á–µ–º—Ç–æ —Ç–æ–ª–∫–Ω—É–ª —Å–æ–ø–µ—Ä–Ω–∏–∫–∞ —Å—Ö–ª–æ–ø–æ—Ç–∞–ª –ø—Ä—è–º—É—é –∫—Ä–∞—Å–Ω—É—é –ø–∞–Ω–∞–º—Ü—ã –¥–æ–¥–∞–≤–∏–ª–∏ –∫–æ–Ω—Ü–æ–≤–∫–µ –≤—ã—Ö–æ–¥ –∞–º–µ—Ä–∏–∫–∞–Ω—Ü–µ–≤ –≥—Ä—É–ø–ø—ã —É–≥—Ä–æ–∑–æ–π –ø–æ—Å–ª–µ–¥–Ω–µ–º —Ç—É—Ä–µ –≤—Å—Ç—Ä–µ—á–∞ –ª–∏–¥–µ—Ä–æ–º –∏–≥—Ä–∞–ª –Ω–æ—á—å—é –º–æ—â–Ω—ã–π —É—Ä—É–≥–≤–∞–π —Å–º–µ—Ç–∞–µ—Ç –≤—Å—ë —Å–≤–æ–µ–º –ø—É—Ç–∏ –±–æ–ª–∏–≤–∏—è —É—Å—Ç–æ—è–ª–∞ —à–∞–Ω—Å–æ–≤ <NUM> matchtv,–ø–∞–Ω–∞–º–∞ –æ–±—ã–≥—Ä–∞–ª–∞ —Å—à–∞ –∫–æ–ø–µ –ø–æ–ª—É—á–∏–ª—Å—è –¥–∏–∫–∏–π –º–∞—Ç—á —Å–∞–º–æ–º –Ω–∞—á–∞–ª–µ –≤–µ–∞ —Å–ø—Ä–∞–≤–∏–ª—Å—è –Ω–µ—Ä–≤–∞–º–∏ –∑–∞—á–µ–º—Ç–æ —Ç–æ–ª–∫–Ω—É–ª —Å–æ–ø–µ—Ä–Ω–∏–∫–∞ —Å—Ö–ª–æ–ø–æ—Ç–∞–ª –ø—Ä—è–º—É—é –∫—Ä–∞—Å–Ω—É—é –ø–∞–Ω–∞–º—Ü—ã –¥–æ–¥–∞–≤–∏–ª–∏ –∫–æ–Ω—Ü–æ–≤–∫–µ –≤—ã—Ö–æ–¥ –∞–º–µ—Ä–∏–∫–∞–Ω—Ü–µ–≤ –≥—Ä—É–ø–ø—ã —É–≥—Ä–æ–∑–æ–π –ø–æ—Å–ª–µ–¥–Ω–µ–º —Ç—É—Ä–µ –≤—Å—Ç—Ä–µ—á–∞ –ª–∏–¥–µ—Ä–æ–º –∏–≥—Ä–∞–ª –Ω–æ—á—å—é –º–æ—â–Ω—ã–π —É—Ä—É–≥–≤–∞–π —Å–º–µ—Ç–∞–µ—Ç –≤—Å—ë —Å–≤–æ–µ–º –ø—É—Ç–∏ –±–æ–ª–∏–≤–∏—è —É—Å—Ç–æ—è–ª–∞ —à–∞–Ω—Å–æ–≤ <NUM> matchtv –ú–∞—Ç—á –¢–í
‚ùå –§–æ–¥–µ–Ω –ø–æ–∫–∏–Ω—É–ª —Ä–∞—Å–ø–æ–ª–æ–∂–µ–Ω–∏–µ —Å–±–æ—Ä–Ω–æ–π –ê–Ω–≥–ª–∏–∏. –û–± —ç—Ç–æ–º –ø–∏—à—É—Ç –≤—Å–µ –∂—É—Ä–Ω–∞–ª–∏—Å—Ç—ã,"‚ùå –§–æ–¥–µ–Ω –ø–æ–∫–∏–Ω—É–ª —Ä–∞—Å–ø–æ–ª–æ–∂–µ–Ω–∏–µ —Å–±–æ—Ä–Ω–æ–π –ê–Ω–≥–ª–∏–∏. –û–± —ç—Ç–æ–º –ø–∏—à—É—Ç –≤—Å–µ –∂—É—Ä–Ω–∞–ª–∏—Å—Ç—ã

–§—É—Ç–±–æ–ª—å–Ω–∞—è –∞—Å—Å–æ—Ü–∏–∞—Ü–∏—è —Ä–∞–∑–æ—Å–ª–∞–ª–∞ –ø—Ä–µ–¥—Å—Ç–∞–≤–∏—Ç–µ–ª—è–º –°–ú–ò —Å–æ–æ–±—â–µ–Ω–∏–µ, —Å—Å—ã–ª–∞—è—Å—å –Ω–∞ ¬´–Ω–µ–æ—Ç–ª–æ–∂–Ω—ã–µ —Å–µ–º–µ–π–Ω—ã–µ –¥–µ–ª–∞¬ª. 

–î–æ–ª–≥–æ —Ö—Ä–∞–Ω–∏—Ç—å —Å–µ–∫—Ä–µ—Ç –Ω–µ –ø–æ–ª—É—á–∏–ª–æ—Å—å ‚Äì –§–∏–ª –∏ –µ–≥–æ –∂–µ–Ω–∞ –≥–æ—Ç–æ–≤—è—Ç—Å—è –∫ —Ä–æ–∂–¥–µ–Ω–∏—é —Ç—Ä–µ—Ç—å–µ–≥–æ —Ä–µ–±–µ–Ω–∫–∞ üë∂

–ù–∞ —Å–µ–≥–æ–¥–Ω—è—à–Ω–µ–π —Ç—Ä–µ–Ω–∏—Ä–æ–≤–∫–µ –∫–æ–º–∞–Ω–¥—ã –∏–≥—Ä–æ–∫–∞ —É–∂–µ –Ω–µ –±—ã–ª–æ. –ü–æ—Ö–æ–∂–µ, —Å–ª—É—Ö–∏ –æ–∫–∞–∑–∞–ª–∏—Å—å –ø—Ä–∞–≤–¥–æ–π. 

–ë–æ–ª—å—à–∞—è –ø–æ—Ç–µ—Ä—è –¥–ª—è –°–∞—É—Ç–≥–µ–π—Ç–∞. –ù–æ –ø–æ–≤–æ–¥-—Ç–æ –æ—á–µ–Ω—å —Ä–∞–¥–æ—Å—Ç–Ω—ã–π üòç

@Match_TV

üì∑ Stu Forster/Getty Images",2024-06-27T21:12:00+00:00,–ú–∞—Ç—á –¢–í,https://t.me/Match_TV/93069,—Å–ø–æ—Ä—Ç,—Ñ–æ–¥–µ–Ω –ø–æ–∫–∏–Ω—É–ª —Ä–∞—Å–ø–æ–ª–æ–∂–µ–Ω–∏–µ —Å–±–æ—Ä–Ω–æ–π –∞–Ω–≥–ª–∏–∏ –ø–∏—à—É—Ç –∂—É—Ä–Ω–∞–ª–∏—Å—Ç—ã —Ñ—É—Ç–±–æ–ª—å–Ω–∞—è –∞—Å—Å–æ—Ü–∏–∞—Ü–∏—è —Ä–∞–∑–æ—Å–ª–∞–ª–∞ –ø—Ä–µ–¥—Å—Ç–∞–≤–∏—Ç–µ–ª—è–º —Å–º–∏ —Å–æ–æ–±—â–µ–Ω–∏–µ —Å—Å—ã–ª–∞—è—Å—å –Ω–µ–æ—Ç–ª–æ–∂–Ω—ã–µ —Å–µ–º–µ–π–Ω—ã–µ –¥–µ–ª–∞ –¥–æ–ª–≥–æ —Ö—Ä–∞–Ω–∏—Ç—å —Å–µ–∫—Ä–µ—Ç –ø–æ–ª—É—á–∏–ª–æ—Å—å —Ñ–∏–ª –∂–µ–Ω–∞ –≥–æ—Ç–æ–≤—è—Ç—Å—è —Ä–æ–∂–¥–µ–Ω–∏—é —Ç—Ä–µ—Ç—å–µ–≥–æ —Ä–µ–±–µ–Ω–∫–∞ —Å–µ–≥–æ–¥–Ω—è—à–Ω–µ–π —Ç—Ä–µ–Ω–∏—Ä–æ–≤–∫–µ –∫–æ–º–∞–Ω–¥—ã –∏–≥—Ä–æ–∫–∞ –ø–æ—Ö–æ–∂–µ —Å–ª—É—Ö–∏ –æ–∫–∞–∑–∞–ª–∏—Å—å –ø—Ä–∞–≤–¥–æ–π –±–æ–ª—å—à–∞—è –ø–æ—Ç–µ—Ä—è —Å–∞—É—Ç–≥–µ–π—Ç–∞ –ø–æ–≤–æ–¥—Ç–æ –æ—á–µ–Ω—å —Ä–∞–¥–æ—Å—Ç–Ω—ã–π matchtv stu forstergetty image,—Ñ–æ–¥–µ–Ω –ø–æ–∫–∏–Ω—É–ª —Ä–∞—Å–ø–æ–ª–æ–∂–µ–Ω–∏–µ —Å–±–æ—Ä–Ω–æ–π –∞–Ω–≥–ª–∏–∏ –ø–∏—à—É—Ç –∂—É—Ä–Ω–∞–ª–∏—Å—Ç—ã —Ñ—É—Ç–±–æ–ª—å–Ω–∞—è –∞—Å—Å–æ—Ü–∏–∞—Ü–∏—è —Ä–∞–∑–æ—Å–ª–∞–ª–∞ –ø—Ä–µ–¥—Å—Ç–∞–≤–∏—Ç–µ–ª—è–º —Å–º–∏ —Å–æ–æ–±—â–µ–Ω–∏–µ —Å—Å—ã–ª–∞—è—Å—å –Ω–µ–æ—Ç–ª–æ–∂–Ω—ã–µ —Å–µ–º–µ–π–Ω—ã–µ –¥–µ–ª–∞ –¥–æ–ª–≥–æ —Ö—Ä–∞–Ω–∏—Ç—å —Å–µ–∫—Ä–µ—Ç –ø–æ–ª—É—á–∏–ª–æ—Å—å —Ñ–∏–ª –∂–µ–Ω–∞ –≥–æ—Ç–æ–≤—è—Ç—Å—è —Ä–æ–∂–¥–µ–Ω–∏—é —Ç—Ä–µ—Ç—å–µ–≥–æ —Ä–µ–±–µ–Ω–∫–∞ —Å–µ–≥–æ–¥–Ω—è—à–Ω–µ–π —Ç—Ä–µ–Ω–∏—Ä–æ–≤–∫–µ –∫–æ–º–∞–Ω–¥—ã –∏–≥—Ä–æ–∫–∞ –ø–æ—Ö–æ–∂–µ —Å–ª—É—Ö–∏ –æ–∫–∞–∑–∞–ª–∏—Å—å –ø—Ä–∞–≤–¥–æ–π –±–æ–ª—å—à–∞—è –ø–æ—Ç–µ—Ä—è —Å–∞—É—Ç–≥–µ–π—Ç–∞ –ø–æ–≤–æ–¥—Ç–æ –æ—á–µ–Ω—å —Ä–∞–¥–æ—Å—Ç–Ω—ã–π matchtv stu forstergetty image –ú–∞—Ç—á –¢–í
–ü—Ä–µ–¥—Å—Ç–∞–≤—å: —É —Ç–µ–±—è –µ—Å—Ç—å –≤–æ–∑–º–æ–∂–Ω–æ—Å—Ç—å –¥–∞—Ç—å –≤—ã–ª–µ—Ç–µ–≤—à–µ–π –∫–æ–º–∞–Ω–¥–µ –ø–∞—Ä—É –æ—á–∫–æ–≤. –ö–æ–≥–æ –±—ã –ø—Ä–∏–≥–ª–∞—Å–∏–ª –≤ 1/8 —Ñ–∏–Ω–∞–ª–∞ –ï–≤—Ä–æ? üßê,"–ü—Ä–µ–¥—Å—Ç–∞–≤—å: —É —Ç–µ–±—è –µ—Å—Ç—å –≤–æ–∑–º–æ–∂–Ω–æ—Å—Ç—å –¥–∞—Ç—å –≤—ã–ª–µ—Ç–µ–≤—à–µ–π –∫–æ–º–∞–Ω–¥–µ –ø–∞—Ä—É –æ—á–∫–æ–≤. –ö–æ–≥–æ –±—ã –ø—Ä–∏–≥–ª–∞—Å–∏–ª –≤ 1/8 —Ñ–∏–Ω–∞–ª–∞ –ï–≤—Ä–æ? üßê

@Match_TV",2024-06-27T20:25:45+00:00,–ú–∞—Ç—á –¢–í,https://t.me/Match_TV/93068,—Å–ø–æ—Ä—Ç,–ø—Ä–µ–¥—Å—Ç–∞–≤—å –≤–æ–∑–º–æ–∂–Ω–æ—Å—Ç—å –¥–∞—Ç—å –≤—ã–ª–µ—Ç–µ–≤—à–µ–π –∫–æ–º–∞–Ω–¥–µ –ø–∞—Ä—É –æ—á–∫–æ–≤ –∫–æ–≥–æ –ø—Ä–∏–≥–ª–∞—Å–∏–ª <NUM> —Ñ–∏–Ω–∞–ª–∞ –µ–≤—Ä–æ matchtv,–ø—Ä–µ–¥—Å—Ç–∞–≤—å –≤–æ–∑–º–æ–∂–Ω–æ—Å—Ç—å –¥–∞—Ç—å –≤—ã–ª–µ—Ç–µ–≤—à–µ–π –∫–æ–º–∞–Ω–¥–µ –ø–∞—Ä—É –æ—á–∫–æ–≤ –∫–æ–≥–æ –ø—Ä–∏–≥–ª–∞—Å–∏–ª <NUM> —Ñ–∏–Ω–∞–ª–∞ –µ–≤—Ä–æ matchtv –ú–∞—Ç—á –¢–í
–í–∞–∂–Ω–æ–µ –¥–µ–ª–æ –ø–µ—Ä–µ–¥ —Å–Ω–æ–º. –ù—É–∂–Ω–æ —Ç–≤–æ—ë –ø—Ä–∏—Å—É—Ç—Å—Ç–≤–∏–µ ü§ù,"–í–∞–∂–Ω–æ–µ –¥–µ–ª–æ –ø–µ—Ä–µ–¥ —Å–Ω–æ–º. –ù—É–∂–Ω–æ —Ç–≤–æ—ë –ø—Ä–∏—Å—É—Ç—Å—Ç–≤–∏–µ ü§ù

–£ –Ω–∞—Å –Ω–∞—á–∏–Ω–∞–µ—Ç—Å—è —ç—Ñ–∏—Ä ¬´–í—Å–µ –Ω–∞ –ú–∞—Ç—á!¬ª. –ü–æ–≥–æ–≤–æ—Ä–∏–º –ø—Ä–æ —Ñ—É—Ç–±–æ–ª –≤–º–µ—Å—Ç–µ —Å –¶—ã–±—É–ª–∏–Ω—ã–º, –ê—Ä—à–∞–≤–∏–Ω—ã–º –∏ –†–∞–¥–∏–º–æ–≤—ã–º:
https://matchtv.ru/on-air",2024-06-27T20:00:57+00:00,–ú–∞—Ç—á –¢–í,https://t.me/Match_TV/93067,—Å–ø–æ—Ä—Ç,–≤–∞–∂–Ω–æ–µ –¥–µ–ª–æ —Å–Ω–æ–º –Ω—É–∂–Ω–æ —Ç–≤–æ—ë –ø—Ä–∏—Å—É—Ç—Å—Ç–≤–∏–µ –Ω–∞—á–∏–Ω–∞–µ—Ç—Å—è —ç—Ñ–∏—Ä –º–∞—Ç—á –ø–æ–≥–æ–≤–æ—Ä–∏–º —Ñ—É—Ç–±–æ–ª –≤–º–µ—Å—Ç–µ —Ü—ã–±—É–ª–∏–Ω—ã–º –∞—Ä—à–∞–≤–∏–Ω—ã–º —Ä–∞–¥–∏–º–æ–≤—ã–º <URL>,–≤–∞–∂–Ω–æ–µ –¥–µ–ª–æ —Å–Ω–æ–º –Ω—É–∂–Ω–æ —Ç–≤–æ—ë –ø—Ä–∏—Å—É—Ç—Å—Ç–≤–∏–µ –Ω–∞—á–∏–Ω–∞–µ—Ç—Å—è —ç—Ñ–∏—Ä –º–∞—Ç—á –ø–æ–≥–æ–≤–æ—Ä–∏–º —Ñ—É—Ç–±–æ–ª –≤–º–µ—Å—Ç–µ —Ü—ã–±—É–ª–∏–Ω—ã–º –∞—Ä—à–∞–≤–∏–Ω—ã–º —Ä–∞–¥–∏–º–æ–≤—ã–º <URL> –ú–∞—Ç—á –¢–í
ü§Ø –û–≥—Ä–æ–º–Ω–∞—è –≤–æ—Ä–æ–Ω–∫–∞ –ø—Ä—è–º–æ –Ω–∞ —Ç—Ä–µ–Ω–∏—Ä–æ–≤–æ—á–Ω–æ–π –±–∞–∑–µ. –õ–æ–≤–∏ —Ñ–æ—Ç–∫–∏ –∏–∑ –∞–º–µ—Ä–∏–∫–∞–Ω—Å–∫–æ–≥–æ —à—Ç–∞—Ç–∞ –ò–ª–ª–∏–Ω–æ–π—Å,"ü§Ø –û–≥—Ä–æ–º–Ω–∞—è –≤–æ—Ä–æ–Ω–∫–∞ –ø—Ä—è–º–æ –Ω–∞ —Ç—Ä–µ–Ω–∏—Ä–æ–≤–æ—á–Ω–æ–π –±–∞–∑–µ. –õ–æ–≤–∏ —Ñ–æ—Ç–∫–∏ –∏–∑ –∞–º–µ—Ä–∏–∫–∞–Ω—Å–∫–æ–≥–æ —à—Ç–∞—Ç–∞ –ò–ª–ª–∏–Ω–æ–π—Å

–ú–µ—Å—Ç–Ω—ã–µ –°–ú–ò –ø–∏—à—É—Ç, —á—Ç–æ —ç—Ç–æ –ø—Ä–æ–∏–∑–æ—à–ª–æ –∏–∑-–∑–∞ –æ–±—Ä—É—à–µ–Ω–∏—è —à–∞—Ö—Ç—ã. –î–∞, –æ–Ω–∞ —Ä–∞—Å–ø–æ–ª–æ–∂–µ–Ω–∞ –ø—Ä—è–º–æ –ø–æ–¥ –ø–æ–ª–µ–º. 

–ü—Ä–æ–≤–∞–ª –æ–≥—Ä–æ–º–Ω—ã–π: –¥–ª–∏–Ω–∞ –ø—Ä–∏–º–µ—Ä–Ω–æ 30 –º–µ—Ç—Ä–æ–≤, –∞ —à–∏—Ä–∏–Ω–∞ ‚Äì –æ–∫–æ–ª–æ 9.

–ö —Å—á–∞—Å—Ç—å—é, –Ω–∏–∫—Ç–æ –Ω–µ –ø–æ—Å—Ç—Ä–∞–¥–∞–ª.

@Match_TV",2024-06-27T19:15:49+00:00,–ú–∞—Ç—á –¢–í,https://t.me/Match_TV/93066,–ø—Ä–æ–∏—Å—à–µ—Å—Ç–≤–∏—è,–æ–≥—Ä–æ–º–Ω–∞—è –≤–æ—Ä–æ–Ω–∫–∞ –ø—Ä—è–º–æ —Ç—Ä–µ–Ω–∏—Ä–æ–≤–æ—á–Ω–æ–π –±–∞–∑–µ –ª–æ–≤–∏ —Ñ–æ—Ç–∫–∏ –∞–º–µ—Ä–∏–∫–∞–Ω—Å–∫–æ–≥–æ —à—Ç–∞—Ç–∞ –∏–ª–ª–∏–Ω–æ–π—Å –º–µ—Å—Ç–Ω—ã–µ —Å–º–∏ –ø–∏—à—É—Ç —ç—Ç–æ –ø—Ä–æ–∏–∑–æ—à–ª–æ –∏–∑–∑–∞ –æ–±—Ä—É—à–µ–Ω–∏—è —à–∞—Ö—Ç—ã —Ä–∞—Å–ø–æ–ª–æ–∂–µ–Ω–∞ –ø—Ä—è–º–æ –ø–æ–ª–µ–º –ø—Ä–æ–≤–∞–ª –æ–≥—Ä–æ–º–Ω—ã–π –¥–ª–∏–Ω–∞ –ø—Ä–∏–º–µ—Ä–Ω–æ <NUM> –º–µ—Ç—Ä–æ–≤ —à–∏—Ä–∏–Ω–∞ –æ–∫–æ–ª–æ <NUM> —Å—á–∞—Å—Ç—å—é –Ω–∏–∫—Ç–æ –ø–æ—Å—Ç—Ä–∞–¥–∞–ª matchtv,–æ–≥—Ä–æ–º–Ω–∞—è –≤–æ—Ä–æ–Ω–∫–∞ –ø—Ä—è–º–æ —Ç—Ä–µ–Ω–∏—Ä–æ–≤–æ—á–Ω–æ–π –±–∞–∑–µ –ª–æ–≤–∏ —Ñ–æ—Ç–∫–∏ –∞–º–µ—Ä–∏–∫–∞–Ω—Å–∫–æ–≥–æ —à—Ç–∞—Ç–∞ –∏–ª–ª–∏–Ω–æ–π—Å –º–µ—Å—Ç–Ω—ã–µ —Å–º–∏ –ø–∏—à—É—Ç —ç—Ç–æ –ø—Ä–æ–∏–∑–æ—à–ª–æ –∏–∑–∑–∞ –æ–±—Ä—É—à–µ–Ω–∏—è —à–∞—Ö—Ç—ã —Ä–∞—Å–ø–æ–ª–æ–∂–µ–Ω–∞ –ø—Ä—è–º–æ –ø–æ–ª–µ–º –ø—Ä–æ–≤–∞–ª –æ–≥—Ä–æ–º–Ω—ã–π –¥–ª–∏–Ω–∞ –ø—Ä–∏–º–µ—Ä–Ω–æ <NUM> –º–µ—Ç—Ä–æ–≤ —à–∏—Ä–∏–Ω–∞ –æ–∫–æ–ª–æ <NUM> —Å—á–∞—Å—Ç—å—é –Ω–∏–∫—Ç–æ –ø–æ—Å—Ç—Ä–∞–¥–∞–ª matchtv –ú–∞—Ç—á –¢–í
–°–∞—É—Ç–≥–µ–π—Ç –≤—ã–±—Ä–∞–ª –ø—Ä–∞–≤–∏–ª—å–Ω—É—é —Ç–∞–∫—Ç–∏–∫—É –Ω–∞ —Ç—É—Ä–Ω–∏—Ä. –í–µ–¥—å –æ–Ω–∞ –¥–∞–µ—Ç —Ä–µ–∑—É–ª—å—Ç–∞—Ç ‚öΩÔ∏è ,"–°–∞—É—Ç–≥–µ–π—Ç –≤—ã–±—Ä–∞–ª –ø—Ä–∞–≤–∏–ª—å–Ω—É—é —Ç–∞–∫—Ç–∏–∫—É –Ω–∞ —Ç—É—Ä–Ω–∏—Ä. –í–µ–¥—å –æ–Ω–∞ –¥–∞–µ—Ç —Ä–µ–∑—É–ª—å—Ç–∞—Ç ‚öΩÔ∏è 

–¢–∞–ª–∞–ª–∞–µ–≤ –æ–±—ä—è—Å–Ω–∏–ª, –ø–æ—á–µ–º—É —É —Å–±–æ—Ä–Ω–æ–π –ê–Ω–≥–ª–∏–∏ —Å–∫—É—á–Ω—ã–π —Å—Ç–∏–ª—å: –Ω–µ—Å—ã–≥—Ä–∞–Ω–Ω—ã–π —Å–æ—Å—Ç–∞–≤, –µ—Å—Ç—å –ø—Ä–æ–±–ª–µ–º–Ω—ã–µ –ø–æ–∑–∏—Ü–∏–∏. –ù–æ –µ—Å–ª–∏ –±—É–¥–µ—Ç —Ç—Ä–æ—Ñ–µ–π, –≤—Å–µ –º–µ–ª–æ—á–∏ –∑–∞–±—É–¥—É—Ç—Å—è. –ú–æ—Ä –≤–µ—Ä–Ω–æ –ø–æ–¥–º–µ—Ç–∏–ª.

–†–æ–º–∞–Ω–æ–≤ –≤ —ç—Ñ–∏—Ä–µ ¬´–í—Å–µ –Ω–∞ –ú–∞—Ç—á!¬ª –ø–æ–ª—É—á–∏–ª –∫–ª–∞—Å—Å–Ω—ã–µ –æ—Ç–≤–µ—Ç—ã –Ω–∞ –≤–æ–ø—Ä–æ—Å—ã ü§©

@Match_TV",2024-06-27T18:32:34+00:00,–ú–∞—Ç—á –¢–í,https://t.me/Match_TV/93065,—Å–ø–æ—Ä—Ç,—Å–∞—É—Ç–≥–µ–π—Ç –≤—ã–±—Ä–∞–ª –ø—Ä–∞–≤–∏–ª—å–Ω—É—é —Ç–∞–∫—Ç–∏–∫—É —Ç—É—Ä–Ω–∏—Ä –¥–∞–µ—Ç —Ä–µ–∑—É–ª—å—Ç–∞—Ç —Ç–∞–ª–∞–ª–∞–µ–≤ –æ–±—ä—è—Å–Ω–∏–ª –ø–æ—á–µ–º—É —Å–±–æ—Ä–Ω–æ–π –∞–Ω–≥–ª–∏–∏ —Å–∫—É—á–Ω—ã–π —Å—Ç–∏–ª—å –Ω–µ—Å—ã–≥—Ä–∞–Ω–Ω—ã–π —Å–æ—Å—Ç–∞–≤ –ø—Ä–æ–±–ª–µ–º–Ω—ã–µ –ø–æ–∑–∏—Ü–∏–∏ —Ç—Ä–æ—Ñ–µ–π –º–µ–ª–æ—á–∏ –∑–∞–±—É–¥—É—Ç—Å—è –º–æ—Ä –≤–µ—Ä–Ω–æ –ø–æ–¥–º–µ—Ç–∏–ª —Ä–æ–º–∞–Ω–æ–≤ —ç—Ñ–∏—Ä–µ –º–∞—Ç—á –ø–æ–ª—É—á–∏–ª –∫–ª–∞—Å—Å–Ω—ã–µ –æ—Ç–≤–µ—Ç—ã –≤–æ–ø—Ä–æ—Å—ã matchtv,—Å–∞—É—Ç–≥–µ–π—Ç –≤—ã–±—Ä–∞–ª –ø—Ä–∞–≤–∏–ª—å–Ω—É—é —Ç–∞–∫—Ç–∏–∫—É —Ç—É—Ä–Ω–∏—Ä –¥–∞–µ—Ç —Ä–µ–∑—É–ª—å—Ç–∞—Ç —Ç–∞–ª–∞–ª–∞–µ–≤ –æ–±—ä—è—Å–Ω–∏–ª –ø–æ—á–µ–º—É —Å–±–æ—Ä–Ω–æ–π –∞–Ω–≥–ª–∏–∏ —Å–∫—É—á–Ω—ã–π —Å—Ç–∏–ª—å –Ω–µ—Å—ã–≥—Ä–∞–Ω–Ω—ã–π —Å–æ—Å—Ç–∞–≤ –ø—Ä–æ–±–ª–µ–º–Ω—ã–µ –ø–æ–∑–∏—Ü–∏–∏ —Ç—Ä–æ—Ñ–µ–π –º–µ–ª–æ—á–∏ –∑–∞–±—É–¥—É—Ç—Å—è –º–æ—Ä –≤–µ—Ä–Ω–æ –ø–æ–¥–º–µ—Ç–∏–ª —Ä–æ–º–∞–Ω–æ–≤ —ç—Ñ–∏—Ä–µ –º–∞—Ç—á –ø–æ–ª—É—á–∏–ª –∫–ª–∞—Å—Å–Ω—ã–µ –æ—Ç–≤–µ—Ç—ã –≤–æ–ø—Ä–æ—Å—ã matchtv –ú–∞—Ç—á –¢–í
ü•≥ –£ –Ø–º–∞–ª—è –ø—Ä–∞–∑–¥–Ω–∏–∫: —Å–¥–∞–ª –≤—Å–µ —ç–∫–∑–∞–º–µ–Ω—ã –∏ –∑–∞–∫–æ–Ω—á–∏–ª –æ–±—É—á–µ–Ω–∏–µ –≤ —Å—Ä–µ–¥–Ω–µ–π —à–∫–æ–ª–µ ,"ü•≥ –£ –Ø–º–∞–ª—è –ø—Ä–∞–∑–¥–Ω–∏–∫: —Å–¥–∞–ª –≤—Å–µ —ç–∫–∑–∞–º–µ–Ω—ã –∏ –∑–∞–∫–æ–Ω—á–∏–ª –æ–±—É—á–µ–Ω–∏–µ –≤ —Å—Ä–µ–¥–Ω–µ–π —à–∫–æ–ª–µ 

–ü–µ—Ä–≤—ã–º –¥–µ–ª–æ–º –õ–∞–º–∏–Ω —Ä–∞–∑–¥–µ–ª–∏–ª —Ä–∞–¥–æ—Å—Ç—å —Å —Å–∞–º—ã–º –≤–∞–∂–Ω—ã–º —á–µ–ª–æ–≤–µ–∫–æ–º ‚Äì —Å—Ä–∞–∑—É –ø–æ–∑–≤–æ–Ω–∏–ª –º–∞–º–µ. –û–± —ç—Ç–æ–º —Å–æ–æ–±—â–∏–ª COPE.

–ü—Ä–æ –æ—Ü–µ–Ω–∫–∏ –º—ã –Ω–∏—á–µ–≥–æ –Ω–µ –∑–Ω–∞–µ–º. –ù–æ —Å –Ω–æ–≤—ã–º–∏ —Ä–µ–∫–æ—Ä–¥–∞–º–∏ –æ–Ω —Å–ø—Ä–∞–≤–∏—Ç—Å—è –Ω–∞ –ø—è—Ç—å —Å –ø–ª—é—Å–æ–º üòè

@Match_TV",2024-06-27T17:41:52+00:00,–ú–∞—Ç—á –¢–í,https://t.me/Match_TV/93064,–æ–±—Ä–∞–∑–æ–≤–∞–Ω–∏–µ,—è–º–∞–ª—è –ø—Ä–∞–∑–¥–Ω–∏–∫ —Å–¥–∞–ª —ç–∫–∑–∞–º–µ–Ω—ã –∑–∞–∫–æ–Ω—á–∏–ª –æ–±—É—á–µ–Ω–∏–µ —Å—Ä–µ–¥–Ω–µ–π —à–∫–æ–ª–µ –ø–µ—Ä–≤—ã–º –¥–µ–ª–æ–º –ª–∞–º–∏–Ω —Ä–∞–∑–¥–µ–ª–∏–ª —Ä–∞–¥–æ—Å—Ç—å —Å–∞–º—ã–º –≤–∞–∂–Ω—ã–º —á–µ–ª–æ–≤–µ–∫–æ–º —Å—Ä–∞–∑—É –ø–æ–∑–≤–æ–Ω–∏–ª –º–∞–º–µ —Å–æ–æ–±—â–∏–ª cope –æ—Ü–µ–Ω–∫–∏ –∑–Ω–∞–µ–º –Ω–æ–≤—ã–º–∏ —Ä–µ–∫–æ—Ä–¥–∞–º–∏ —Å–ø—Ä–∞–≤–∏—Ç—Å—è –ø—è—Ç—å –ø–ª—é—Å–æ–º matchtv,—è–º–∞–ª—è –ø—Ä–∞–∑–¥–Ω–∏–∫ —Å–¥–∞–ª —ç–∫–∑–∞–º–µ–Ω—ã –∑–∞–∫–æ–Ω—á–∏–ª –æ–±—É—á–µ–Ω–∏–µ —Å—Ä–µ–¥–Ω–µ–π —à–∫–æ–ª–µ –ø–µ—Ä–≤—ã–º –¥–µ–ª–æ–º –ª–∞–º–∏–Ω —Ä–∞–∑–¥–µ–ª–∏–ª —Ä–∞–¥–æ—Å—Ç—å —Å–∞–º—ã–º –≤–∞–∂–Ω—ã–º —á–µ–ª–æ–≤–µ–∫–æ–º —Å—Ä–∞–∑—É –ø–æ–∑–≤–æ–Ω–∏–ª –º–∞–º–µ —Å–æ–æ–±—â–∏–ª cope –æ—Ü–µ–Ω–∫–∏ –∑–Ω–∞–µ–º –Ω–æ–≤—ã–º–∏ —Ä–µ–∫–æ—Ä–¥–∞–º–∏ —Å–ø—Ä–∞–≤–∏—Ç—Å—è –ø—è—Ç—å –ø–ª—é—Å–æ–º matchtv –ú–∞—Ç—á –¢–í
‚öΩÔ∏è –ï–≤—Ä–æ –ø–æ–∫–∞ —á—Ç–æ –Ω–∞ –ø–∞—É–∑–µ. –ê –Ω–∞—à–∞ —Å—Ç—É–¥–∏—è ‚Äì –Ω–µ—Ç,"‚öΩÔ∏è –ï–≤—Ä–æ –ø–æ–∫–∞ —á—Ç–æ –Ω–∞ –ø–∞—É–∑–µ. –ê –Ω–∞—à–∞ —Å—Ç—É–¥–∏—è ‚Äì –Ω–µ—Ç

–í —ç—Ñ–∏—Ä–µ ¬´–í—Å–µ –Ω–∞ –ú–∞—Ç—á!¬ª –ø–æ–≥–æ–≤–æ—Ä–∏–º –ø—Ä–æ –ø–ª–µ–π-–æ—Ñ—Ñ. –†–æ–º–∞–Ω–æ–≤, –¢–∞–ª–∞–ª–∞–µ–≤ –∏ –ú–æ—Ä –æ–±—Å—É–¥—è—Ç –≤—Å–µ –∏–Ω—Ç–µ—Ä–µ—Å–Ω—ã–µ –¥–µ—Ç–∞–ª–∏ —Ç—É—Ä–Ω–∏—Ä–∞:
https://matchtv.ru/on-air",2024-06-27T16:58:32+00:00,–ú–∞—Ç—á –¢–í,https://t.me/Match_TV/93063,—Å–ø–æ—Ä—Ç,–µ–≤—Ä–æ –ø–æ–∫–∞ –ø–∞—É–∑–µ –Ω–∞—à–∞ —Å—Ç—É–¥–∏—è —ç—Ñ–∏—Ä–µ –º–∞—Ç—á –ø–æ–≥–æ–≤–æ—Ä–∏–º –ø–ª–µ–π–æ—Ñ—Ñ —Ä–æ–º–∞–Ω–æ–≤ —Ç–∞–ª–∞–ª–∞–µ–≤ –º–æ—Ä –æ–±—Å—É–¥—è—Ç –∏–Ω—Ç–µ—Ä–µ—Å–Ω—ã–µ –¥–µ—Ç–∞–ª–∏ —Ç—É—Ä–Ω–∏—Ä–∞ <URL>,–µ–≤—Ä–æ –ø–æ–∫–∞ –ø–∞—É–∑–µ –Ω–∞—à–∞ —Å—Ç—É–¥–∏—è —ç—Ñ–∏—Ä–µ –º–∞—Ç—á –ø–æ–≥–æ–≤–æ—Ä–∏–º –ø–ª–µ–π–æ—Ñ—Ñ —Ä–æ–º–∞–Ω–æ–≤ —Ç–∞–ª–∞–ª–∞–µ–≤ –º–æ—Ä –æ–±—Å—É–¥—è—Ç –∏–Ω—Ç–µ—Ä–µ—Å–Ω—ã–µ –¥–µ—Ç–∞–ª–∏ —Ç—É—Ä–Ω–∏—Ä–∞ <URL> –ú–∞—Ç—á –¢–í
–í–∏–Ω–∏—Å–∏—É—Å –≤ ¬´–†–µ–∞–ª–µ¬ª > –í–∏–Ω–∏—Å–∏—É—Å –≤ —Å–±–æ—Ä–Ω–æ–π. –°–æ–≤—Å–µ–º –Ω–µ –ø–æ–ª—É—á–∞–µ—Ç—Å—è –ø–æ–º–æ—á—å –ë—Ä–∞–∑–∏–ª–∏–∏ üáßüá∑‚ùå,"–í–∏–Ω–∏—Å–∏—É—Å –≤ ¬´–†–µ–∞–ª–µ¬ª > –í–∏–Ω–∏—Å–∏—É—Å –≤ —Å–±–æ—Ä–Ω–æ–π. –°–æ–≤—Å–µ–º –Ω–µ –ø–æ–ª—É—á–∞–µ—Ç—Å—è –ø–æ–º–æ—á—å –ë—Ä–∞–∑–∏–ª–∏–∏ üáßüá∑‚ùå

–ü–æ—Å–ª–µ–¥–Ω–∏–π –≥–æ–ª ‚Äì –≤ –∏—é–Ω–µ –ø—Ä–æ—à–ª–æ–≥–æ –≥–æ–¥–∞ –≤ —Ç–æ–≤–∞—Ä–∏—â–µ—Å–∫–æ–º –º–∞—Ç—á–µ —Å –ì–≤–∏–Ω–µ–µ–π (4:1).

–°–∞–º –∏–≥—Ä–æ–∫ –æ–±—ä—è—Å–Ω—è–µ—Ç —ç—Ç–æ –æ—á–µ–Ω—å –ø—Ä–æ—Å—Ç–æ:

¬´–ö–∞–∂–¥—ã–π —Ä–∞–∑, –∫–æ–≥–¥–∞ —è –≤—ã—Ö–æ–∂—É –Ω–∞ –ø–æ–ª–µ, –º–µ–Ω—è –Ω–∞–∫—Ä—ã–≤–∞—é—Ç —Ç—Ä–∏ –∏–ª–∏ —á–µ—Ç—ã—Ä–µ —Ñ—É—Ç–±–æ–ª–∏—Å—Ç–∞¬ª

–ù—É–∂–Ω–æ —á—Ç–æ-—Ç–æ —Å —ç—Ç–∏–º –¥–µ–ª–∞—Ç—å. –î–ª—è ¬´–ó–ú¬ª –º–∞–ª–æ –ø—Ä–æ—Å—Ç–æ –∫–ª—É–±–Ω—ã—Ö –¥–æ—Å—Ç–∏–∂–µ–Ω–∏–π ü§∑‚Äç‚ôÇÔ∏è

@Match_TV",2024-06-27T16:07:35+00:00,–ú–∞—Ç—á –¢–í,https://t.me/Match_TV/93062,—Å–ø–æ—Ä—Ç,–≤–∏–Ω–∏—Å–∏—É—Å —Ä–µ–∞–ª–µ –≤–∏–Ω–∏—Å–∏—É—Å —Å–±–æ—Ä–Ω–æ–π –ø–æ–ª—É—á–∞–µ—Ç—Å—è –ø–æ–º–æ—á—å –±—Ä–∞–∑–∏–ª–∏–∏ –ø–æ—Å–ª–µ–¥–Ω–∏–π –≥–æ–ª –∏—é–Ω–µ –ø—Ä–æ—à–ª–æ–≥–æ –≥–æ–¥–∞ —Ç–æ–≤–∞—Ä–∏—â–µ—Å–∫–æ–º –º–∞—Ç—á–µ –≥–≤–∏–Ω–µ–µ–π <NUM> –∏–≥—Ä–æ–∫ –æ–±—ä—è—Å–Ω—è–µ—Ç —ç—Ç–æ –æ—á–µ–Ω—å –ø—Ä–æ—Å—Ç–æ –∫–∞–∂–¥—ã–π –≤—ã—Ö–æ–∂—É –ø–æ–ª–µ –Ω–∞–∫—Ä—ã–≤–∞—é—Ç —á–µ—Ç—ã—Ä–µ —Ñ—É—Ç–±–æ–ª–∏—Å—Ç–∞ –Ω—É–∂–Ω–æ —á—Ç–æ—Ç–æ —ç—Ç–∏–º –¥–µ–ª–∞—Ç—å –∑–º –º–∞–ª–æ –ø—Ä–æ—Å—Ç–æ –∫–ª—É–±–Ω—ã—Ö –¥–æ—Å—Ç–∏–∂–µ–Ω–∏–π matchtv,–≤–∏–Ω–∏—Å–∏—É—Å —Ä–µ–∞–ª–µ –≤–∏–Ω–∏—Å–∏—É—Å —Å–±–æ—Ä–Ω–æ–π –ø–æ–ª—É—á–∞–µ—Ç—Å—è –ø–æ–º–æ—á—å –±—Ä–∞–∑–∏–ª–∏–∏ –ø–æ—Å–ª–µ–¥–Ω–∏–π –≥–æ–ª –∏—é–Ω–µ –ø—Ä–æ—à–ª–æ–≥–æ –≥–æ–¥–∞ —Ç–æ–≤–∞—Ä–∏—â–µ—Å–∫–æ–º –º–∞—Ç—á–µ –≥–≤–∏–Ω–µ–µ–π <NUM> –∏–≥—Ä–æ–∫ –æ–±—ä—è—Å–Ω—è–µ—Ç —ç—Ç–æ –æ—á–µ–Ω—å –ø—Ä–æ—Å—Ç–æ –∫–∞–∂–¥—ã–π –≤—ã—Ö–æ–∂—É –ø–æ–ª–µ –Ω–∞–∫—Ä—ã–≤–∞—é—Ç —á–µ—Ç—ã—Ä–µ —Ñ—É—Ç–±–æ–ª–∏—Å—Ç–∞ –Ω—É–∂–Ω–æ —á—Ç–æ—Ç–æ —ç—Ç–∏–º –¥–µ–ª–∞—Ç—å –∑–º –º–∞–ª–æ –ø—Ä–æ—Å—Ç–æ –∫–ª—É–±–Ω—ã—Ö –¥–æ—Å—Ç–∏–∂–µ–Ω–∏–π matchtv –ú–∞—Ç—á –¢–í
ü§ï –ì–æ—Ä–¥–æ–Ω —Ä–∞–∑–±–∏–ª –Ω–æ—Å –∏ –ø–æ–¥–±–æ—Ä–æ–¥–æ–∫. –û–Ω —É–ø–∞–ª —Å –≤–µ–ª–æ—Å–∏–ø–µ–¥–∞ ,"ü§ï –ì–æ—Ä–¥–æ–Ω —Ä–∞–∑–±–∏–ª –Ω–æ—Å –∏ –ø–æ–¥–±–æ—Ä–æ–¥–æ–∫. –û–Ω —É–ø–∞–ª —Å –≤–µ–ª–æ—Å–∏–ø–µ–¥–∞ 

–£ –≠–Ω—Ç–æ–Ω–∏ –±—ã–ª–∞ –≤–æ—Å—Å—Ç–∞–Ω–æ–≤–∏—Ç–µ–ª—å–Ω–∞—è —Ç—Ä–µ–Ω–∏—Ä–æ–≤–∫–∞. –§—É—Ç–±–æ–ª–∏—Å—Ç –∫–∞—Ç–∞–ª—Å—è –Ω–∞ –¥–≤—É—Ö–∫–æ–ª–µ—Å–Ω–æ–º. –í –∫–∞–∫–æ–π-—Ç–æ –º–æ–º–µ–Ω—Ç –Ω–µ —Å–ø—Ä–∞–≤–∏–ª—Å—è —Å —É–ø—Ä–∞–≤–ª–µ–Ω–∏–µ–º –∏ —Ä—É—Ö–Ω—É–ª. 

–ù–æ —Å–µ—Ä—å–µ–∑–Ω—ã—Ö —Ç—Ä–∞–≤–º –Ω–µ—Ç. –ü–∞—Ä–µ–Ω—å –∑–∞–Ω–∏–º–∞–µ—Ç—Å—è –≤ –æ–±—â–µ–π –≥—Ä—É–ø–ø–µ, –ø–∏—à–µ—Ç Goal. 

–ü–æ—Ö–æ–∂–∞—è –∏—Å—Ç–æ—Ä–∏—è —É–∂–µ –±—ã–ª–∞ –ø–µ—Ä–µ–¥ –ï–≤—Ä–æ. –ú–∏—Ö–∞–ª –°–∞–¥–∏–ª–µ–∫ –∏–∑ –ß–µ—Ö–∏–∏ –æ–∫–∞–∑–∞–ª—Å—è –≤ —Ç–∞–∫–æ–π –∂–µ —Å–∏—Ç—É–∞—Ü–∏–∏. –ù–æ –≤ –∏—Ç–æ–≥–µ –ø—Ä–æ–ø—É—Å—Ç–∏–ª —Ç—É—Ä–Ω–∏—Ä. 

–î–∞–≤–∞–π—Ç–µ –±–µ–∑ –≥–ª—É–ø—ã—Ö –ø–æ–≤—Ä–µ–∂–¥–µ–Ω–∏–π üôè

@Match_TV",2024-06-27T15:16:28+00:00,–ú–∞—Ç—á –¢–í,https://t.me/Match_TV/93061,—Å–ø–æ—Ä—Ç,–≥–æ—Ä–¥–æ–Ω —Ä–∞–∑–±–∏–ª –Ω–æ—Å –ø–æ–¥–±–æ—Ä–æ–¥–æ–∫ —É–ø–∞–ª –≤–µ–ª–æ—Å–∏–ø–µ–¥–∞ —ç–Ω—Ç–æ–Ω–∏ –≤–æ—Å—Å—Ç–∞–Ω–æ–≤–∏—Ç–µ–ª—å–Ω–∞—è —Ç—Ä–µ–Ω–∏—Ä–æ–≤–∫–∞ —Ñ—É—Ç–±–æ–ª–∏—Å—Ç –∫–∞—Ç–∞–ª—Å—è –¥–≤—É—Ö–∫–æ–ª–µ—Å–Ω–æ–º –∫–∞–∫–æ–π—Ç–æ –º–æ–º–µ–Ω—Ç —Å–ø—Ä–∞–≤–∏–ª—Å—è —É–ø—Ä–∞–≤–ª–µ–Ω–∏–µ–º —Ä—É—Ö–Ω—É–ª —Å–µ—Ä—å–µ–∑–Ω—ã—Ö —Ç—Ä–∞–≤–º –ø–∞—Ä–µ–Ω—å –∑–∞–Ω–∏–º–∞–µ—Ç—Å—è –æ–±—â–µ–π –≥—Ä—É–ø–ø–µ –ø–∏—à–µ—Ç goal –ø–æ—Ö–æ–∂–∞—è –∏—Å—Ç–æ—Ä–∏—è –µ–≤—Ä–æ –º–∏—Ö–∞–ª —Å–∞–¥–∏–ª–µ–∫ —á–µ—Ö–∏–∏ –æ–∫–∞–∑–∞–ª—Å—è —Å–∏—Ç—É–∞—Ü–∏–∏ –∏—Ç–æ–≥–µ –ø—Ä–æ–ø—É—Å—Ç–∏–ª —Ç—É—Ä–Ω–∏—Ä –¥–∞–≤–∞–π—Ç–µ –≥–ª—É–ø—ã—Ö –ø–æ–≤—Ä–µ–∂–¥–µ–Ω–∏–π matchtv,–≥–æ—Ä–¥–æ–Ω —Ä–∞–∑–±–∏–ª –Ω–æ—Å –ø–æ–¥–±–æ—Ä–æ–¥–æ–∫ —É–ø–∞–ª –≤–µ–ª–æ—Å–∏–ø–µ–¥–∞ —ç–Ω—Ç–æ–Ω–∏ –≤–æ—Å—Å—Ç–∞–Ω–æ–≤–∏—Ç–µ–ª—å–Ω–∞—è —Ç—Ä–µ–Ω–∏—Ä–æ–≤–∫–∞ —Ñ—É—Ç–±–æ–ª–∏—Å—Ç –∫–∞—Ç–∞–ª—Å—è –¥–≤—É—Ö–∫–æ–ª–µ—Å–Ω–æ–º –∫–∞–∫–æ–π—Ç–æ –º–æ–º–µ–Ω—Ç —Å–ø—Ä–∞–≤–∏–ª—Å—è —É–ø—Ä–∞–≤–ª–µ–Ω–∏–µ–º —Ä—É—Ö–Ω—É–ª —Å–µ—Ä—å–µ–∑–Ω—ã—Ö —Ç—Ä–∞–≤–º –ø–∞—Ä–µ–Ω—å –∑–∞–Ω–∏–º–∞–µ—Ç—Å—è –æ–±—â–µ–π –≥—Ä—É–ø–ø–µ –ø–∏—à–µ—Ç goal –ø–æ—Ö–æ–∂–∞—è –∏—Å—Ç–æ—Ä–∏—è –µ–≤—Ä–æ –º–∏—Ö–∞–ª —Å–∞–¥–∏–ª–µ–∫ —á–µ—Ö–∏–∏ –æ–∫–∞–∑–∞–ª—Å—è —Å–∏—Ç—É–∞—Ü–∏–∏ –∏—Ç–æ–≥–µ –ø—Ä–æ–ø—É—Å—Ç–∏–ª —Ç—É—Ä–Ω–∏—Ä –¥–∞–≤–∞–π—Ç–µ –≥–ª—É–ø—ã—Ö –ø–æ–≤—Ä–µ–∂–¥–µ–Ω–∏–π matchtv –ú–∞—Ç—á –¢–í
üá¨üá™ –ù–∞—à–ª–∏ —Å–µ–∫—Ä–µ—Ç —É—Å–ø–µ—Ö–∞ –ì—Ä—É–∑–∏–∏. –ï—Å—Ç—å –Ω–µ–æ–±—ã—á–Ω–∞—è –ø—Ä–∏—á–∏–Ω–∞,"üá¨üá™ –ù–∞—à–ª–∏ —Å–µ–∫—Ä–µ—Ç —É—Å–ø–µ—Ö–∞ –ì—Ä—É–∑–∏–∏. –ï—Å—Ç—å –Ω–µ–æ–±—ã—á–Ω–∞—è –ø—Ä–∏—á–∏–Ω–∞

–ü–∏—Ä–æ–∂–∫–æ–≤ —Å—á–∏—Ç–∞–µ—Ç, —á—Ç–æ –ø–∞—Ä–Ω—è–º –ø–æ–º–æ–≥ –∏—Ö –º–µ–Ω—Ç–∞–ª–∏—Ç–µ—Ç. –ê –ö–æ—Ä–Ω–µ–µ–≤ —É–¥–∏–≤–∏–ª—Å—è –Ω–∞–¥–µ–∂–Ω–æ–π –æ–±–æ—Ä–æ–Ω–µ –∫–æ–º–∞–Ω–¥—ã. –í–æ—Ç –∏ –ø–æ–±–µ–¥–∏–ª–∏ –ü–æ—Ä—Ç—É–≥–∞–ª–∏—é. 

–ö—Å—Ç–∞—Ç–∏, –≤ –∫–æ–Ω—Ü–µ –≤–∏–¥–µ–æ —Ç–µ–±—è –∂–¥–µ—Ç –Ω–µ–æ–∂–∏–¥–∞–Ω–Ω–æ–µ –ø–∞—Ä–∏. –£—Å–ª–æ–≤–∏—è –∑–∞—Ñ–∏–∫—Å–∏—Ä–æ–≤–∞–ª–∏ –≤ —ç—Ñ–∏—Ä–µ ¬´–¶–µ–Ω—Ç—Ä–∞–ª—å–Ω–æ–≥–æ –∫—Ä—É–≥–∞¬ª üòâ

@Match_TV",2024-06-27T14:25:13+00:00,–ú–∞—Ç—á –¢–í,https://t.me/Match_TV/93060,—Å–ø–æ—Ä—Ç,–Ω–∞—à–ª–∏ —Å–µ–∫—Ä–µ—Ç —É—Å–ø–µ—Ö–∞ –≥—Ä—É–∑–∏–∏ –Ω–µ–æ–±—ã—á–Ω–∞—è –ø—Ä–∏—á–∏–Ω–∞ –ø–∏—Ä–æ–∂–∫–æ–≤ —Å—á–∏—Ç–∞–µ—Ç –ø–∞—Ä–Ω—è–º –ø–æ–º–æ–≥ –º–µ–Ω—Ç–∞–ª–∏—Ç–µ—Ç –∫–æ—Ä–Ω–µ–µ–≤ —É–¥–∏–≤–∏–ª—Å—è –Ω–∞–¥–µ–∂–Ω–æ–π –æ–±–æ—Ä–æ–Ω–µ –∫–æ–º–∞–Ω–¥—ã –ø–æ–±–µ–¥–∏–ª–∏ –ø–æ—Ä—Ç—É–≥–∞–ª–∏—é –∫—Å—Ç–∞—Ç–∏ –∫–æ–Ω—Ü–µ –≤–∏–¥–µ–æ –∂–¥–µ—Ç –Ω–µ–æ–∂–∏–¥–∞–Ω–Ω–æ–µ –ø–∞—Ä–∏ —É—Å–ª–æ–≤–∏—è –∑–∞—Ñ–∏–∫—Å–∏—Ä–æ–≤–∞–ª–∏ —ç—Ñ–∏—Ä–µ —Ü–µ–Ω—Ç—Ä–∞–ª—å–Ω–æ–≥–æ –∫—Ä—É–≥–∞ matchtv,–Ω–∞—à–ª–∏ —Å–µ–∫—Ä–µ—Ç —É—Å–ø–µ—Ö–∞ –≥—Ä—É–∑–∏–∏ –Ω–µ–æ–±—ã—á–Ω–∞—è –ø—Ä–∏—á–∏–Ω–∞ –ø–∏—Ä–æ–∂–∫–æ–≤ —Å—á–∏—Ç–∞–µ—Ç –ø–∞—Ä–Ω—è–º –ø–æ–º–æ–≥ –º–µ–Ω—Ç–∞–ª–∏—Ç–µ—Ç –∫–æ—Ä–Ω–µ–µ–≤ —É–¥–∏–≤–∏–ª—Å—è –Ω–∞–¥–µ–∂–Ω–æ–π –æ–±–æ—Ä–æ–Ω–µ –∫–æ–º–∞–Ω–¥—ã –ø–æ–±–µ–¥–∏–ª–∏ –ø–æ—Ä—Ç—É–≥–∞–ª–∏—é –∫—Å—Ç–∞—Ç–∏ –∫–æ–Ω—Ü–µ –≤–∏–¥–µ–æ –∂–¥–µ—Ç –Ω–µ–æ–∂–∏–¥–∞–Ω–Ω–æ–µ –ø–∞—Ä–∏ —É—Å–ª–æ–≤–∏—è –∑–∞—Ñ–∏–∫—Å–∏—Ä–æ–≤–∞–ª–∏ —ç—Ñ–∏—Ä–µ —Ü–µ–Ω—Ç—Ä–∞–ª—å–Ω–æ–≥–æ –∫—Ä—É–≥–∞ matchtv –ú–∞—Ç—á –¢–í
"‚ö°Ô∏è –ü–æ–∂–∞–ª—É–π, –≥–ª–∞–≤–Ω—ã–π —Ç—Ä–∞–Ω—Å—Ñ–µ—Ä –¥–Ω—è. –ì–ª—É—à–∞–∫–æ–≤ –≤–µ—Ä–Ω—É–ª—Å—è –≤ ¬´–•–∏–º–∫–∏¬ª ","‚ö°Ô∏è –ü–æ–∂–∞–ª—É–π, –≥–ª–∞–≤–Ω—ã–π —Ç—Ä–∞–Ω—Å—Ñ–µ—Ä –¥–Ω—è. –ì–ª—É—à–∞–∫–æ–≤ –≤–µ—Ä–Ω—É–ª—Å—è –≤ ¬´–•–∏–º–∫–∏¬ª 

–°–≤—è–∑–∫–∞ —Å –ó–∞–±–æ–ª–æ—Ç–Ω—ã–º –∑–≤—É—á–∏—Ç –æ—á–µ–Ω—å –º–æ—â–Ω–æ. –°–∫–æ—Ä–æ –ø–æ—Å–º–æ—Ç—Ä–∏–º, –∫–∞–∫ –±—É–¥–µ—Ç –Ω–∞ –¥–µ–ª–µ ü§©

@Match_TV",2024-06-27T13:36:55+00:00,–ú–∞—Ç—á –¢–í,https://t.me/Match_TV/93059,—Å–ø–æ—Ä—Ç,–ø–æ–∂–∞–ª—É–π –≥–ª–∞–≤–Ω—ã–π —Ç—Ä–∞–Ω—Å—Ñ–µ—Ä –¥–Ω—è –≥–ª—É—à–∞–∫–æ–≤ –≤–µ—Ä–Ω—É–ª—Å—è —Ö–∏–º–∫–∏ —Å–≤—è–∑–∫–∞ –∑–∞–±–æ–ª–æ—Ç–Ω—ã–º –∑–≤—É—á–∏—Ç –æ—á–µ–Ω—å –º–æ—â–Ω–æ —Å–∫–æ—Ä–æ –ø–æ—Å–º–æ—Ç—Ä–∏–º –¥–µ–ª–µ matchtv,–ø–æ–∂–∞–ª—É–π –≥–ª–∞–≤–Ω—ã–π —Ç—Ä–∞–Ω—Å—Ñ–µ—Ä –¥–Ω—è –≥–ª—É—à–∞–∫–æ–≤ –≤–µ—Ä–Ω—É–ª—Å—è —Ö–∏–º–∫–∏ —Å–≤—è–∑–∫–∞ –∑–∞–±–æ–ª–æ—Ç–Ω—ã–º –∑–≤—É—á–∏—Ç –æ—á–µ–Ω—å –º–æ—â–Ω–æ —Å–∫–æ—Ä–æ –ø–æ—Å–º–æ—Ç—Ä–∏–º –¥–µ–ª–µ matchtv –ú–∞—Ç—á –¢–í
–í–µ–ª–∏–∫–∞—è –≥—Ä—É–∑–∏–Ω—Å–∫–∞—è —Å—Ç–µ–Ω–∞. –ú–∞–º–∞—Ä–¥–∞—à–≤–∏–ª–∏ –æ—á–µ–Ω—å —Ö–æ—Ä–æ—à –Ω–∞ —ç—Ç–æ–º –ï–≤—Ä–æ üëè,"–í–µ–ª–∏–∫–∞—è –≥—Ä—É–∑–∏–Ω—Å–∫–∞—è —Å—Ç–µ–Ω–∞. –ú–∞–º–∞—Ä–¥–∞—à–≤–∏–ª–∏ –æ—á–µ–Ω—å —Ö–æ—Ä–æ—à –Ω–∞ —ç—Ç–æ–º –ï–≤—Ä–æ üëè

–ü–æ–≤—Ç–æ—Ä–∏–ª —Ä–µ–∫–æ—Ä–¥ –ê–ª–µ–∫—Å–∞–Ω–¥—Ä–∞ –ö–æ–ª–∏–Ω—å–∫–æ. 20 –ª–µ—Ç –Ω–∞–∑–∞–¥ –ª–∞—Ç–≤–∏–π—Å–∫–∏–π –≤—Ä–∞—Ç–∞—Ä—å –Ω–µ –≤—ã—Ç–∞—â–∏–ª —Å–≤–æ—é —Å–±–æ—Ä–Ω—É—é –∏–∑ –≥—Ä—É–ø–ø—ã. –ê –ì–µ–æ—Ä–≥–∏–π —Å–º–æ–≥. –£–≤–∏–¥–∏–º –µ–≥–æ –≤ –ø–ª–µ–π-–æ—Ñ—Ñ.

–û—Ñ–∏—Å ¬´–í–∞–ª–µ–Ω—Å–∏–∏¬ª, –Ω–∞–≤–µ—Ä–Ω—è–∫–∞, —É–∂–µ –∑–∞–≤–∞–ª–µ–Ω –ø—Ä–µ–¥–ª–æ–∂–µ–Ω–∏—è–º–∏ –æ —Ç—Ä–∞–Ω—Å—Ñ–µ—Ä–µ ü§ë

@Match_TV",2024-06-27T13:08:56+00:00,–ú–∞—Ç—á –¢–í,https://t.me/Match_TV/93058,—Å–ø–æ—Ä—Ç,–≤–µ–ª–∏–∫–∞—è –≥—Ä—É–∑–∏–Ω—Å–∫–∞—è —Å—Ç–µ–Ω–∞ –º–∞–º–∞—Ä–¥–∞—à–≤–∏–ª–∏ –æ—á–µ–Ω—å —Ö–æ—Ä–æ—à –µ–≤—Ä–æ –ø–æ–≤—Ç–æ—Ä–∏–ª —Ä–µ–∫–æ—Ä–¥ –∞–ª–µ–∫—Å–∞–Ω–¥—Ä–∞ –∫–æ–ª–∏–Ω—å–∫–æ <NUM> –ª–µ—Ç –Ω–∞–∑–∞–¥ –ª–∞—Ç–≤–∏–π—Å–∫–∏–π –≤—Ä–∞—Ç–∞—Ä—å –≤—ã—Ç–∞—â–∏–ª —Å–±–æ—Ä–Ω—É—é –≥—Ä—É–ø–ø—ã –≥–µ–æ—Ä–≥–∏–π —Å–º–æ–≥ —É–≤–∏–¥–∏–º –ø–ª–µ–π–æ—Ñ—Ñ –æ—Ñ–∏—Å –≤–∞–ª–µ–Ω—Å–∏–∏ –Ω–∞–≤–µ—Ä–Ω—è–∫–∞ –∑–∞–≤–∞–ª–µ–Ω –ø—Ä–µ–¥–ª–æ–∂–µ–Ω–∏—è–º–∏ —Ç—Ä–∞–Ω—Å—Ñ–µ—Ä–µ matchtv,–≤–µ–ª–∏–∫–∞—è –≥—Ä—É–∑–∏–Ω—Å–∫–∞—è —Å—Ç–µ–Ω–∞ –º–∞–º–∞—Ä–¥–∞—à–≤–∏–ª–∏ –æ—á–µ–Ω—å —Ö–æ—Ä–æ—à –µ–≤—Ä–æ –ø–æ–≤—Ç–æ—Ä–∏–ª —Ä–µ–∫–æ—Ä–¥ –∞–ª–µ–∫—Å–∞–Ω–¥—Ä–∞ –∫–æ–ª–∏–Ω—å–∫–æ <NUM> –ª–µ—Ç –Ω–∞–∑–∞–¥ –ª–∞—Ç–≤–∏–π—Å–∫–∏–π –≤—Ä–∞—Ç–∞—Ä—å –≤—ã—Ç–∞—â–∏–ª —Å–±–æ—Ä–Ω—É—é –≥—Ä—É–ø–ø—ã –≥–µ–æ—Ä–≥–∏–π —Å–º–æ–≥ —É–≤–∏–¥–∏–º –ø–ª–µ–π–æ—Ñ—Ñ –æ—Ñ–∏—Å –≤–∞–ª–µ–Ω—Å–∏–∏ –Ω–∞–≤–µ—Ä–Ω—è–∫–∞ –∑–∞–≤–∞–ª–µ–Ω –ø—Ä–µ–¥–ª–æ–∂–µ–Ω–∏—è–º–∏ —Ç—Ä–∞–Ω—Å—Ñ–µ—Ä–µ matchtv –ú–∞—Ç—á –¢–í
ü§Ø –ù–∞ –≥–æ–ª–æ–≤—É –†–æ–Ω–∞–ª–¥—É —á—É—Ç—å –Ω–µ —Å–≤–∞–ª–∏–ª—Å—è —Ñ–∞–Ω–∞—Ç. –î–∏–∫–∏–π –º–æ–º–µ–Ω—Ç –∏–∑ –º–∞—Ç—á–∞ –ì—Ä—É–∑–∏–∏ –∏ –ü–æ—Ä—Ç—É–≥–∞–ª–∏–∏,"ü§Ø –ù–∞ –≥–æ–ª–æ–≤—É –†–æ–Ω–∞–ª–¥—É —á—É—Ç—å –Ω–µ —Å–≤–∞–ª–∏–ª—Å—è —Ñ–∞–Ω–∞—Ç. –î–∏–∫–∏–π –º–æ–º–µ–Ω—Ç –∏–∑ –º–∞—Ç—á–∞ –ì—Ä—É–∑–∏–∏ –∏ –ü–æ—Ä—Ç—É–≥–∞–ª–∏–∏

–ë–æ–ª–µ–ª—å—â–∏–∫ –æ—á–µ–Ω—å —Ö–æ—Ç–µ–ª –¥–æ–±—Ä–∞—Ç—å—Å—è –¥–æ –ö—Ä–∏—à–∞. –í –∏—Ç–æ–≥–µ –µ–¥–≤–∞ –Ω–µ –Ω–∞–Ω–µ—Å –µ–º—É —Ç—Ä–∞–≤–º—É. –ö–æ—à–º–∞—Ä–Ω—ã–π –ø–æ—Å—Ç—É–ø–æ–∫.

@Match_TV",2024-06-27T12:16:16+00:00,–ú–∞—Ç—á –¢–í,https://t.me/Match_TV/93057,—Å–ø–æ—Ä—Ç,–≥–æ–ª–æ–≤—É —Ä–æ–Ω–∞–ª–¥—É —Å–≤–∞–ª–∏–ª—Å—è —Ñ–∞–Ω–∞—Ç –¥–∏–∫–∏–π –º–æ–º–µ–Ω—Ç –º–∞—Ç—á–∞ –≥—Ä—É–∑–∏–∏ –ø–æ—Ä—Ç—É–≥–∞–ª–∏–∏ –±–æ–ª–µ–ª—å—â–∏–∫ –æ—á–µ–Ω—å —Ö–æ—Ç–µ–ª –¥–æ–±—Ä–∞—Ç—å—Å—è –∫—Ä–∏—à–∞ –∏—Ç–æ–≥–µ –µ–¥–≤–∞ –Ω–∞–Ω–µ—Å —Ç—Ä–∞–≤–º—É –∫–æ—à–º–∞—Ä–Ω—ã–π –ø–æ—Å—Ç—É–ø–æ–∫ matchtv,–≥–æ–ª–æ–≤—É —Ä–æ–Ω–∞–ª–¥—É —Å–≤–∞–ª–∏–ª—Å—è —Ñ–∞–Ω–∞—Ç –¥–∏–∫–∏–π –º–æ–º–µ–Ω—Ç –º–∞—Ç—á–∞ –≥—Ä—É–∑–∏–∏ –ø–æ—Ä—Ç—É–≥–∞–ª–∏–∏ –±–æ–ª–µ–ª—å—â–∏–∫ –æ—á–µ–Ω—å —Ö–æ—Ç–µ–ª –¥–æ–±—Ä–∞—Ç—å—Å—è –∫—Ä–∏—à–∞ –∏—Ç–æ–≥–µ –µ–¥–≤–∞ –Ω–∞–Ω–µ—Å —Ç—Ä–∞–≤–º—É –∫–æ—à–º–∞—Ä–Ω—ã–π –ø–æ—Å—Ç—É–ø–æ–∫ matchtv –ú–∞—Ç—á –¢–í
üéô –°–æ—Å—Ç–∞–≤ –∫–æ–º–º–µ–Ω—Ç–∞—Ç–æ—Ä–æ–≤ –Ω–∞ 1/8 —Ñ–∏–Ω–∞–ª–∞ –ï–≤—Ä–æ,"üéô –°–æ—Å—Ç–∞–≤ –∫–æ–º–º–µ–Ω—Ç–∞—Ç–æ—Ä–æ–≤ –Ω–∞ 1/8 —Ñ–∏–Ω–∞–ª–∞ –ï–≤—Ä–æ

–í—Å–µ –∏–≥—Ä—ã —Å—Ç–∞–¥–∏–∏ –ø–æ–∫–∞–∂–µ–º –Ω–∞ –ú–∞—Ç—á –¢–í üì∫

@Match_TV",2024-06-27T11:30:07+00:00,–ú–∞—Ç—á –¢–í,https://t.me/Match_TV/93056,—Å–ø–æ—Ä—Ç,—Å–æ—Å—Ç–∞–≤ –∫–æ–º–º–µ–Ω—Ç–∞—Ç–æ—Ä–æ–≤ <NUM> —Ñ–∏–Ω–∞–ª–∞ –µ–≤—Ä–æ –∏–≥—Ä—ã —Å—Ç–∞–¥–∏–∏ –ø–æ–∫–∞–∂–µ–º –º–∞—Ç—á —Ç–≤ matchtv,—Å–æ—Å—Ç–∞–≤ –∫–æ–º–º–µ–Ω—Ç–∞—Ç–æ—Ä–æ–≤ <NUM> —Ñ–∏–Ω–∞–ª–∞ –µ–≤—Ä–æ –∏–≥—Ä—ã —Å—Ç–∞–¥–∏–∏ –ø–æ–∫–∞–∂–µ–º –º–∞—Ç—á —Ç–≤ matchtv –ú–∞—Ç—á –¢–í
‚úàÔ∏è  –ù–∞—á–æ –≤—ã–±—Ä–∞–ª –Ω–æ–≤—ã–π –∫–ª—É–±. –£–ª–µ—Ç–∞–µ—Ç –≤ ¬´–ê–ª—å-–ö–∞–¥–∏—Å–∏—é¬ª ,"‚úàÔ∏è  –ù–∞—á–æ –≤—ã–±—Ä–∞–ª –Ω–æ–≤—ã–π –∫–ª—É–±. –£–ª–µ—Ç–∞–µ—Ç –≤ ¬´–ê–ª—å-–ö–∞–¥–∏—Å–∏—é¬ª 

–í –°–∞—É–¥–æ–≤—Å–∫–æ–π –ê—Ä–∞–≤–∏–∏ —Ö–æ—Ä–æ—à–æ. –¢–∞–º –ø–æ–ª–Ω–æ –∑–Ω–∞–∫–æ–º—ã—Ö –ø–æ ¬´–†–µ–∞–ª—É¬ª üòâ

@Match_TV",2024-06-27T11:10:11+00:00,–ú–∞—Ç—á –¢–í,https://t.me/Match_TV/93055,—Å–ø–æ—Ä—Ç,–Ω–∞—á–æ –≤—ã–±—Ä–∞–ª –Ω–æ–≤—ã–π –∫–ª—É–± —É–ª–µ—Ç–∞–µ—Ç –∞–ª—å–∫–∞–¥–∏—Å–∏—é —Å–∞—É–¥–æ–≤—Å–∫–æ–π –∞—Ä–∞–≤–∏–∏ –ø–æ–ª–Ω–æ –∑–Ω–∞–∫–æ–º—ã—Ö —Ä–µ–∞–ª—É matchtv,–Ω–∞—á–æ –≤—ã–±—Ä–∞–ª –Ω–æ–≤—ã–π –∫–ª—É–± —É–ª–µ—Ç–∞–µ—Ç –∞–ª—å–∫–∞–¥–∏—Å–∏—é —Å–∞—É–¥–æ–≤—Å–∫–æ–π –∞—Ä–∞–≤–∏–∏ –ø–æ–ª–Ω–æ –∑–Ω–∞–∫–æ–º—ã—Ö —Ä–µ–∞–ª—É matchtv –ú–∞—Ç—á –¢–í
–ê—Ä–±–∏—Ç—Ä –ò—à—Ç–≤–∞–Ω –ö–æ–≤–∞—á —Å–æ–≤—Å–µ–º –Ω–µ —Ü–µ—Ä–µ–º–æ–Ω–∏–ª—Å—è —Å —Ç—É—Ä–∫–∞–º–∏ –∏ —á–µ—Ö–∞–º–∏ üü®üü•,"–ê—Ä–±–∏—Ç—Ä –ò—à—Ç–≤–∞–Ω –ö–æ–≤–∞—á —Å–æ–≤—Å–µ–º –Ω–µ —Ü–µ—Ä–µ–º–æ–Ω–∏–ª—Å—è —Å —Ç—É—Ä–∫–∞–º–∏ –∏ —á–µ—Ö–∞–º–∏ üü®üü•

–†–∞–∑–¥–∞–ª –≤–æ—Å–µ–º–Ω–∞–¥—Ü–∞—Ç—å –∂–µ–ª—Ç—ã—Ö –∏ –¥–≤–µ –∫—Ä–∞—Å–Ω—ã–µ. –í —Å—Ä–µ–¥–Ω–µ–º –ø–æ–∫–∞–∑—ã–≤–∞–ª –∫–æ–º—É-–Ω–∏–±—É–¥—å –∫–∞—Ä—Ç–æ—á–∫—É –∫–∞–∂–¥—ã–µ 4,5 –º–∏–Ω—É—Ç—ã.

–ñ–µ—Å—Ç–∫–æ.

@Match_TV",2024-06-27T10:38:53+00:00,–ú–∞—Ç—á –¢–í,https://t.me/Match_TV/93054,—Å–ø–æ—Ä—Ç,–∞—Ä–±–∏—Ç—Ä –∏—à—Ç–≤–∞–Ω –∫–æ–≤–∞—á —Ü–µ—Ä–µ–º–æ–Ω–∏–ª—Å—è —Ç—É—Ä–∫–∞–º–∏ —á–µ—Ö–∞–º–∏ —Ä–∞–∑–¥–∞–ª –≤–æ—Å–µ–º–Ω–∞–¥—Ü–∞—Ç—å –∂–µ–ª—Ç—ã—Ö –¥–≤–µ –∫—Ä–∞—Å–Ω—ã–µ —Å—Ä–µ–¥–Ω–µ–º –ø–æ–∫–∞–∑—ã–≤–∞–ª –∫–æ–º—É–Ω–∏–±—É–¥—å –∫–∞—Ä—Ç–æ—á–∫—É –∫–∞–∂–¥—ã–µ <NUM> –º–∏–Ω—É—Ç—ã –∂–µ—Å—Ç–∫–æ matchtv,–∞—Ä–±–∏—Ç—Ä –∏—à—Ç–≤–∞–Ω –∫–æ–≤–∞—á —Ü–µ—Ä–µ–º–æ–Ω–∏–ª—Å—è —Ç—É—Ä–∫–∞–º–∏ —á–µ—Ö–∞–º–∏ —Ä–∞–∑–¥–∞–ª –≤–æ—Å–µ–º–Ω–∞–¥—Ü–∞—Ç—å –∂–µ–ª—Ç—ã—Ö –¥–≤–µ –∫—Ä–∞—Å–Ω—ã–µ —Å—Ä–µ–¥–Ω–µ–º –ø–æ–∫–∞–∑—ã–≤–∞–ª –∫–æ–º—É–Ω–∏–±—É–¥—å –∫–∞—Ä—Ç–æ—á–∫—É –∫–∞–∂–¥—ã–µ <NUM> –º–∏–Ω—É—Ç—ã –∂–µ—Å—Ç–∫–æ matchtv –ú–∞—Ç—á –¢–í
–ò–ª–∏—á–∏—á –¥–µ–±—é—Ç–∏—Ä–æ–≤–∞–ª –Ω–∞ –ï–≤—Ä–æ –≤ –º–∞—Ç—á–µ —Å –ê–Ω–≥–ª–∏–µ–π. –†–∞–π—Å –æ—á–µ–Ω—å —Ç–µ–ø–ª–æ –≤—Å—Ç—Ä–µ—Ç–∏–ª –µ–≥–æ ü§ù,"–ò–ª–∏—á–∏—á –¥–µ–±—é—Ç–∏—Ä–æ–≤–∞–ª –Ω–∞ –ï–≤—Ä–æ –≤ –º–∞—Ç—á–µ —Å –ê–Ω–≥–ª–∏–µ–π. –†–∞–π—Å –æ—á–µ–Ω—å —Ç–µ–ø–ª–æ –≤—Å—Ç—Ä–µ—Ç–∏–ª –µ–≥–æ ü§ù

–ú—ã —É–∂–µ –Ω–∞–ø–æ–º–∏–Ω–∞–ª–∏ —Ç–µ–±–µ –∏—Å—Ç–æ—Ä–∏—é –ô–æ—Å–∏–ø–∞ —Ç—É—Ç. –û–Ω –ø—Ä–æ–¥–µ–ª–∞–ª –¥–æ–ª–≥–∏–π –ø—É—Ç—å. –°–ø—Ä–∞–≤–∏–ª—Å—è —Å –¥–µ–ø—Ä–µ—Å—Å–∏–µ–π –∏ –ø–æ–µ—Ö–∞–ª —Å–æ —Å–±–æ—Ä–Ω–æ–π –≤ –ì–µ—Ä–º–∞–Ω–∏—é.

–ü–µ—Ä–µ–¥ –∏–≥—Ä–æ–π –î–µ–∫–ª–∞–Ω –Ω–∞—à–µ–ª –Ω–µ—Å–∫–æ–ª—å–∫–æ —Å–ª–æ–≤ –¥–ª—è –æ–ø—ã—Ç–Ω–æ–≥–æ —Ñ—É—Ç–±–æ–ª–∏—Å—Ç–∞. –í–æ—Ç, —á—Ç–æ —Ä–∞—Å—Å–∫–∞–∑–∞–ª —Å–ª–æ–≤–µ–Ω–µ—Ü –ø—Ä–æ —Ç–æ—Ç —ç–ø–∏–∑–æ–¥ –≤ –ø–æ–¥—Ç—Ä–∏–±—É–Ω–∫–µ:

¬´–ö–æ–≥–¥–∞ –º—ã –≤—ã—Ö–æ–¥–∏–ª–∏ –Ω–∞ –ø–æ–ª–µ, –∫–æ –º–Ω–µ –æ–±—Ä–∞—Ç–∏–ª—Å—è –æ–¥–∏–Ω –∏–≥—Ä–æ–∫ —Å–±–æ—Ä–Ω–æ–π –ê–Ω–≥–ª–∏–∏. –°–∫–∞–∑–∞–ª, —á—Ç–æ –æ—á–µ–Ω—å –º–µ–Ω—è —É–≤–∞–∂–∞–µ—Ç. –≠—Ç–æ –ø–æ–ª—É–∑–∞—â–∏—Ç–Ω–∏–∫ –∏–∑ ¬´–ê—Ä—Å–µ–Ω–∞–ª–∞¬ª. –î—É–º–∞—é, –≤—ã –µ–≥–æ —Ö–æ—Ä–æ—à–æ –∑–Ω–∞–µ—Ç–µ¬ª

–ó–Ω–∞–µ–º, –ô–æ—Å–∏–ø. –¢–µ–ø–µ—Ä—å –µ—â–µ –∏ –∫–∞–∫ –æ—Ç–ª–∏—á–Ω–æ–≥–æ –ø–∞—Ä–Ω—è üëè

@Match_TV

üì∑ Marius Becker/Getty Images",2024-06-27T09:46:01+00:00,–ú–∞—Ç—á –¢–í,https://t.me/Match_TV/93053,—Å–ø–æ—Ä—Ç,–∏–ª–∏—á–∏—á –¥–µ–±—é—Ç–∏—Ä–æ–≤–∞–ª –µ–≤—Ä–æ –º–∞—Ç—á–µ –∞–Ω–≥–ª–∏–µ–π —Ä–∞–π—Å –æ—á–µ–Ω—å —Ç–µ–ø–ª–æ –≤—Å—Ç—Ä–µ—Ç–∏–ª –Ω–∞–ø–æ–º–∏–Ω–∞–ª–∏ —Ç–µ–±–µ –∏—Å—Ç–æ—Ä–∏—é –π–æ—Å–∏–ø–∞ –ø—Ä–æ–¥–µ–ª–∞–ª –¥–æ–ª–≥–∏–π –ø—É—Ç—å —Å–ø—Ä–∞–≤–∏–ª—Å—è –¥–µ–ø—Ä–µ—Å—Å–∏–µ–π –ø–æ–µ—Ö–∞–ª —Å–±–æ—Ä–Ω–æ–π –≥–µ—Ä–º–∞–Ω–∏—é –∏–≥—Ä–æ–π –¥–µ–∫–ª–∞–Ω –Ω–∞—à–µ–ª –Ω–µ—Å–∫–æ–ª—å–∫–æ —Å–ª–æ–≤ –æ–ø—ã—Ç–Ω–æ–≥–æ —Ñ—É—Ç–±–æ–ª–∏—Å—Ç–∞ —Ä–∞—Å—Å–∫–∞–∑–∞–ª —Å–ª–æ–≤–µ–Ω–µ—Ü —ç–ø–∏–∑–æ–¥ –ø–æ–¥—Ç—Ä–∏–±—É–Ω–∫–µ –≤—ã—Ö–æ–¥–∏–ª–∏ –ø–æ–ª–µ –∫–æ –æ–±—Ä–∞—Ç–∏–ª—Å—è –∏–≥—Ä–æ–∫ —Å–±–æ—Ä–Ω–æ–π –∞–Ω–≥–ª–∏–∏ —Å–∫–∞–∑–∞–ª –æ—á–µ–Ω—å —É–≤–∞–∂–∞–µ—Ç —ç—Ç–æ –ø–æ–ª—É–∑–∞—â–∏—Ç–Ω–∏–∫ –∞—Ä—Å–µ–Ω–∞–ª–∞ –¥—É–º–∞—é –∑–Ω–∞–µ—Ç–µ –∑–Ω–∞–µ–º –π–æ—Å–∏–ø –æ—Ç–ª–∏—á–Ω–æ–≥–æ –ø–∞—Ä–Ω—è matchtv marius beckergetty image,–∏–ª–∏—á–∏—á –¥–µ–±—é—Ç–∏—Ä–æ–≤–∞–ª –µ–≤—Ä–æ –º–∞—Ç—á–µ –∞–Ω–≥–ª–∏–µ–π —Ä–∞–π—Å –æ—á–µ–Ω—å —Ç–µ–ø–ª–æ –≤—Å—Ç—Ä–µ—Ç–∏–ª –Ω–∞–ø–æ–º–∏–Ω–∞–ª–∏ —Ç–µ–±–µ –∏—Å—Ç–æ—Ä–∏—é –π–æ—Å–∏–ø–∞ –ø—Ä–æ–¥–µ–ª–∞–ª –¥–æ–ª–≥–∏–π –ø—É—Ç—å —Å–ø—Ä–∞–≤–∏–ª—Å—è –¥–µ–ø—Ä–µ—Å—Å–∏–µ–π –ø–æ–µ—Ö–∞–ª —Å–±–æ—Ä–Ω–æ–π –≥–µ—Ä–º–∞–Ω–∏—é –∏–≥—Ä–æ–π –¥–µ–∫–ª–∞–Ω –Ω–∞—à–µ–ª –Ω–µ—Å–∫–æ–ª—å–∫–æ —Å–ª–æ–≤ –æ–ø—ã—Ç–Ω–æ–≥–æ —Ñ—É—Ç–±–æ–ª–∏—Å—Ç–∞ —Ä–∞—Å—Å–∫–∞–∑–∞–ª —Å–ª–æ–≤–µ–Ω–µ—Ü —ç–ø–∏–∑–æ–¥ –ø–æ–¥—Ç—Ä–∏–±—É–Ω–∫–µ –≤—ã—Ö–æ–¥–∏–ª–∏ –ø–æ–ª–µ –∫–æ –æ–±—Ä–∞—Ç–∏–ª—Å—è –∏–≥—Ä–æ–∫ —Å–±–æ—Ä–Ω–æ–π –∞–Ω–≥–ª–∏–∏ —Å–∫–∞–∑–∞–ª –æ—á–µ–Ω—å —É–≤–∞–∂–∞–µ—Ç —ç—Ç–æ –ø–æ–ª—É–∑–∞—â–∏—Ç–Ω–∏–∫ –∞—Ä—Å–µ–Ω–∞–ª–∞ –¥—É–º–∞—é –∑–Ω–∞–µ—Ç–µ –∑–Ω–∞–µ–º –π–æ—Å–∏–ø –æ—Ç–ª–∏—á–Ω–æ–≥–æ –ø–∞—Ä–Ω—è matchtv marius beckergetty image –ú–∞—Ç—á –¢–í
–î–∞–Ω–∏—è –∑–∞–±–∏–ª–∞ –≤—Å–µ–≥–æ –¥–≤–∞ –≥–æ–ª–∞. –ù–æ —Å –º–æ–º–µ–Ω—Ç–∞–º–∏ –ø—Ä–æ–±–ª–µ–º –Ω–µ—Ç. –≠—Ä–∏–∫—Å–µ–Ω –ø–æ—Å—Ç–∞—Ä–∞–ª—Å—è üëè,"–î–∞–Ω–∏—è –∑–∞–±–∏–ª–∞ –≤—Å–µ–≥–æ –¥–≤–∞ –≥–æ–ª–∞. –ù–æ —Å –º–æ–º–µ–Ω—Ç–∞–º–∏ –ø—Ä–æ–±–ª–µ–º –Ω–µ—Ç. –≠—Ä–∏–∫—Å–µ–Ω –ø–æ—Å—Ç–∞—Ä–∞–ª—Å—è üëè

–°–æ–∑–¥–∞–ª –¥–ª—è –ø–∞—Ä—Ç–Ω–µ—Ä–æ–≤ –±–æ–ª—å—à–µ –≤—Å–µ–≥–æ –≤–æ–∑–º–æ–∂–Ω–æ—Å—Ç–µ–π. –í—Ç–æ—Ä–æ–π ‚Äì –î–µ –ë—Ä—é–π–Ω–µ (11), –æ–∂–∏–¥–∞–µ–º–æ. –¢—Ä–µ—Ç–∏–π ‚Äì —Ç—É—Ä–æ–∫ –ö–∞–¥—ã–æ–≥–ª—É (10). –ê –≤–æ—Ç —Ç—É—Ç —É–∂–µ —Å—é—Ä–ø—Ä–∏–∑. 

–ö—Ä–∏—Å—Ç–∏–∞–Ω ‚Äì –ø—Ä–∏—Ä–æ–∂–¥–µ–Ω–Ω—ã–π –¥–∏—Å–ø–µ—Ç—á–µ—Ä. –ë—ã–ª, –µ—Å—Ç—å –∏ –±—É–¥–µ—Ç. –ù–µ—Å–º–æ—Ç—Ä—è –Ω–∏ –Ω–∞ —á—Ç–æ.

@Match_TV",2024-06-27T09:02:46+00:00,–ú–∞—Ç—á –¢–í,https://t.me/Match_TV/93052,—Å–ø–æ—Ä—Ç,–¥–∞–Ω–∏—è –∑–∞–±–∏–ª–∞ –≥–æ–ª–∞ –º–æ–º–µ–Ω—Ç–∞–º–∏ –ø—Ä–æ–±–ª–µ–º —ç—Ä–∏–∫—Å–µ–Ω –ø–æ—Å—Ç–∞—Ä–∞–ª—Å—è —Å–æ–∑–¥–∞–ª –ø–∞—Ä—Ç–Ω–µ—Ä–æ–≤ –≤–æ–∑–º–æ–∂–Ω–æ—Å—Ç–µ–π –≤—Ç–æ—Ä–æ–π –¥–µ –±—Ä—é–π–Ω–µ <NUM> –æ–∂–∏–¥–∞–µ–º–æ —Ç—Ä–µ—Ç–∏–π —Ç—É—Ä–æ–∫ –∫–∞–¥—ã–æ–≥–ª—É <NUM> —Å—é—Ä–ø—Ä–∏–∑ –∫—Ä–∏—Å—Ç–∏–∞–Ω –ø—Ä–∏—Ä–æ–∂–¥–µ–Ω–Ω—ã–π –¥–∏—Å–ø–µ—Ç—á–µ—Ä –Ω–µ—Å–º–æ—Ç—Ä—è matchtv,–¥–∞–Ω–∏—è –∑–∞–±–∏–ª–∞ –≥–æ–ª–∞ –º–æ–º–µ–Ω—Ç–∞–º–∏ –ø—Ä–æ–±–ª–µ–º —ç—Ä–∏–∫—Å–µ–Ω –ø–æ—Å—Ç–∞—Ä–∞–ª—Å—è —Å–æ–∑–¥–∞–ª –ø–∞—Ä—Ç–Ω–µ—Ä–æ–≤ –≤–æ–∑–º–æ–∂–Ω–æ—Å—Ç–µ–π –≤—Ç–æ—Ä–æ–π –¥–µ –±—Ä—é–π–Ω–µ <NUM> –æ–∂–∏–¥–∞–µ–º–æ —Ç—Ä–µ—Ç–∏–π —Ç—É—Ä–æ–∫ –∫–∞–¥—ã–æ–≥–ª—É <NUM> —Å—é—Ä–ø—Ä–∏–∑ –∫—Ä–∏—Å—Ç–∏–∞–Ω –ø—Ä–∏—Ä–æ–∂–¥–µ–Ω–Ω—ã–π –¥–∏—Å–ø–µ—Ç—á–µ—Ä –Ω–µ—Å–º–æ—Ç—Ä—è matchtv –ú–∞—Ç—á –¢–í
–ì—Ä—É–ø–ø–æ–≤–æ–π —ç—Ç–∞–ø –ï–≤—Ä–æ –ø–æ–∑–∞–¥–∏. –û–±—Å—É–¥–∏–º? –¢–µ–º –æ—á–µ–Ω—å –º–Ω–æ–≥–æ üî•,"–ì—Ä—É–ø–ø–æ–≤–æ–π —ç—Ç–∞–ø –ï–≤—Ä–æ –ø–æ–∑–∞–¥–∏. –û–±—Å—É–¥–∏–º? –¢–µ–º –æ—á–µ–Ω—å –º–Ω–æ–≥–æ üî•

–£—Å–ø–µ–µ–º –ø–æ–≥–æ–≤–æ—Ä–∏—Ç—å –ø—Ä–æ –≤—Å–µ. –í —ç—Ñ–∏—Ä–µ –ø—Ä–æ–≥—Ä–∞–º–º—ã ¬´–¶–µ–Ω—Ç—Ä–∞–ª—å–Ω—ã–π –∫—Ä—É–≥¬ª, –∫–æ–Ω–µ—á–Ω–æ –∂–µ üòâ

–û—Ä–∑—É–ª –∏ –ñ—É—Ä–∞–≤–µ–ª—å –≤ —Ä–æ–ª–∏ –≤–µ–¥—É—â–∏—Ö. –¢–æ–ø–æ–≤—ã–µ –≥–æ—Å—Ç–∏. –ù–µ –ø—Ä–æ–ø—É—Å—Ç–∏ –≤ 13:50 –Ω–∞ –ú–∞—Ç—á –¢–í

@Match_TV",2024-06-27T08:30:43+00:00,–ú–∞—Ç—á –¢–í,https://t.me/Match_TV/93050,–ø—Ä–æ–∏—Å—à–µ—Å—Ç–≤–∏—è,–≥—Ä—É–ø–ø–æ–≤–æ–π —ç—Ç–∞–ø –µ–≤—Ä–æ –ø–æ–∑–∞–¥–∏ –æ–±—Å—É–¥–∏–º –æ—á–µ–Ω—å —É—Å–ø–µ–µ–º –ø–æ–≥–æ–≤–æ—Ä–∏—Ç—å —ç—Ñ–∏—Ä–µ –ø—Ä–æ–≥—Ä–∞–º–º—ã —Ü–µ–Ω—Ç—Ä–∞–ª—å–Ω—ã–π –∫—Ä—É–≥ –æ—Ä–∑—É–ª –∂—É—Ä–∞–≤–µ–ª—å —Ä–æ–ª–∏ –≤–µ–¥—É—â–∏—Ö —Ç–æ–ø–æ–≤—ã–µ –≥–æ—Å—Ç–∏ –ø—Ä–æ–ø—É—Å—Ç–∏ <NUM> –º–∞—Ç—á —Ç–≤ matchtv,–≥—Ä—É–ø–ø–æ–≤–æ–π —ç—Ç–∞–ø –µ–≤—Ä–æ –ø–æ–∑–∞–¥–∏ –æ–±—Å—É–¥–∏–º –æ—á–µ–Ω—å —É—Å–ø–µ–µ–º –ø–æ–≥–æ–≤–æ—Ä–∏—Ç—å —ç—Ñ–∏—Ä–µ –ø—Ä–æ–≥—Ä–∞–º–º—ã —Ü–µ–Ω—Ç—Ä–∞–ª—å–Ω—ã–π –∫—Ä—É–≥ –æ—Ä–∑—É–ª –∂—É—Ä–∞–≤–µ–ª—å —Ä–æ–ª–∏ –≤–µ–¥—É—â–∏—Ö —Ç–æ–ø–æ–≤—ã–µ –≥–æ—Å—Ç–∏ –ø—Ä–æ–ø—É—Å—Ç–∏ <NUM> –º–∞—Ç—á —Ç–≤ matchtv –ú–∞—Ç—á –¢–í
–ö–æ–∑–ª–æ–≤ –ø–µ—Ä–µ—à–µ–ª –≤ ¬´–ö—Ä–∞—Å–Ω–æ–¥–∞—Ä¬ª. –ù–æ–≤–∞—è –≥–ª–∞–≤–∞ –¥–ª—è –º–æ–ª–æ–¥–æ–≥–æ –∏–≥—Ä–æ–∫–∞.,"–ö–æ–∑–ª–æ–≤ –ø–µ—Ä–µ—à–µ–ª –≤ ¬´–ö—Ä–∞—Å–Ω–æ–¥–∞—Ä¬ª. –ù–æ–≤–∞—è –≥–ª–∞–≤–∞ –¥–ª—è –º–æ–ª–æ–¥–æ–≥–æ –∏–≥—Ä–æ–∫–∞.

–ë—ã–ª —Ö–æ—Ä–æ—à –≤ ¬´–ë–∞–ª—Ç–∏–∫–µ¬ª. –ù–∞ –µ–≥–æ —Å—á–µ—Ç—É 3+5 –≤ 15 –º–∞—Ç—á–∞—Ö. –ú–Ω–æ–≥–æ–æ–±–µ—â–∞—é—â–∏–π —Ç—Ä–∞–Ω—Å—Ñ–µ—Ä

@Match_TV",2024-06-27T08:02:45+00:00,–ú–∞—Ç—á –¢–í,https://t.me/Match_TV/93049,—Å–ø–æ—Ä—Ç,–∫–æ–∑–ª–æ–≤ –ø–µ—Ä–µ—à–µ–ª –∫—Ä–∞—Å–Ω–æ–¥–∞—Ä –Ω–æ–≤–∞—è –≥–ª–∞–≤–∞ –º–æ–ª–æ–¥–æ–≥–æ –∏–≥—Ä–æ–∫–∞ —Ö–æ—Ä–æ—à –±–∞–ª—Ç–∏–∫–µ —Å—á–µ—Ç—É <NUM> <NUM> –º–∞—Ç—á–∞—Ö –º–Ω–æ–≥–æ–æ–±–µ—â–∞—é—â–∏–π —Ç—Ä–∞–Ω—Å—Ñ–µ—Ä matchtv,–∫–æ–∑–ª–æ–≤ –ø–µ—Ä–µ—à–µ–ª –∫—Ä–∞—Å–Ω–æ–¥–∞—Ä –Ω–æ–≤–∞—è –≥–ª–∞–≤–∞ –º–æ–ª–æ–¥–æ–≥–æ –∏–≥—Ä–æ–∫–∞ —Ö–æ—Ä–æ—à –±–∞–ª—Ç–∏–∫–µ —Å—á–µ—Ç—É <NUM> <NUM> –º–∞—Ç—á–∞—Ö –º–Ω–æ–≥–æ–æ–±–µ—â–∞—é—â–∏–π —Ç—Ä–∞–Ω—Å—Ñ–µ—Ä matchtv –ú–∞—Ç—á –¢–í
–¢–µ–ø–ª—ã–µ —Å–ª–æ–≤–∞ –æ—Ç –∫—É–º–∏—Ä–∞ –ø–µ—Ä–µ–¥ –∏–≥—Ä–æ–π. –ú–µ—á—Ç–∞ –•–≤–∏—á–∏ —Å–±—ã–ª–∞—Å—å üòç,"–¢–µ–ø–ª—ã–µ —Å–ª–æ–≤–∞ –æ—Ç –∫—É–º–∏—Ä–∞ –ø–µ—Ä–µ–¥ –∏–≥—Ä–æ–π. –ú–µ—á—Ç–∞ –•–≤–∏—á–∏ —Å–±—ã–ª–∞—Å—å üòç

@Match_TV",2024-06-27T07:34:31+00:00,–ú–∞—Ç—á –¢–í,https://t.me/Match_TV/93048,—Å–ø–æ—Ä—Ç,—Ç–µ–ø–ª—ã–µ —Å–ª–æ–≤–∞ –∫—É–º–∏—Ä–∞ –∏–≥—Ä–æ–π –º–µ—á—Ç–∞ —Ö–≤–∏—á–∏ —Å–±—ã–ª–∞—Å—å matchtv,—Ç–µ–ø–ª—ã–µ —Å–ª–æ–≤–∞ –∫—É–º–∏—Ä–∞ –∏–≥—Ä–æ–π –º–µ—á—Ç–∞ —Ö–≤–∏—á–∏ —Å–±—ã–ª–∞—Å—å matchtv –ú–∞—Ç—á –¢–í
